source_line,host_epoch_ns,seq,seq_gap,mcu_ms,motor_position,angle_x_x10,angle_x_deg,angle_y_x10,angle_y_deg,angle_z_x10,angle_z_deg,imu_valid,position_valid,position_status,position_updates,move_direction,move_status,fit_eligible,fit_inlier,fit_residual_deg
1,1785481807001974400,71,0,19526,1823,62,6.2,4,0.4,31,3.1,1,1,0,69,-1,0,1,1,-0.213098
6,1785481807137112400,72,0,19726,1827,62,6.2,4,0.4,30,3.0,1,1,0,70,-1,0,1,1,-0.205089
12,1785481807328475200,73,0,19926,1831,63,6.3,4,0.4,30,3.0,1,1,0,71,-1,0,1,1,-0.097080
18,1785481807510666500,74,0,20126,1835,63,6.3,4,0.4,30,3.0,1,1,0,72,-1,0,1,1,-0.089071
24,1785481807705572100,75,0,20326,1835,64,6.4,4,0.4,30,3.0,1,1,0,73,-1,0,1,1,0.010929
31,1785481807902945900,76,0,20526,1835,64,6.4,4,0.4,30,3.0,1,1,0,74,-1,0,1,1,0.010929
37,1785481808104351500,77,0,20726,1839,64,6.4,4,0.4,30,3.0,1,1,0,75,-1,0,1,1,0.018938
43,1785481808305567600,78,0,20926,1839,64,6.4,4,0.4,30,3.0,1,1,0,76,-1,0,1,1,0.018938
49,1785481808511460000,79,0,21126,1839,65,6.5,3,0.3,30,3.0,1,1,0,77,-1,0,1,1,0.118938
55,1785481808714006600,80,0,21326,1839,65,6.5,3,0.3,30,3.0,1,1,0,78,-1,0,1,1,0.118938
62,1785481808906663900,81,0,21526,1843,65,6.5,3,0.3,30,3.0,1,1,0,79,-1,0,1,1,0.126948
68,1785481809107589300,82,0,21726,1843,65,6.5,3,0.3,30,3.0,1,1,0,80,-1,2,1,1,0.126948
74,1785481809309463200,83,0,21926,1843,63,6.3,3,0.3,29,2.9,1,1,1,81,1,0,1,1,-0.073052
81,1785481809527244100,84,0,22126,1843,13,1.3,3,0.3,1,0.1,1,1,1,81,1,0,1,0,-5.073052
87,1785481809738638800,85,0,22326,1843,-70,-7.0,-10,-1.0,-45,-4.5,1,1,1,81,1,0,1,0,-13.373052
94,1785481809921217700,86,0,22526,9207,-80,-8.0,-11,-1.1,-50,-5.0,1,1,0,82,1,0,1,1,0.371633
100,1785481810120478600,87,0,22726,9207,-81,-8.1,-11,-1.1,-50,-5.0,1,1,0,83,1,0,1,1,0.271633
106,1785481810320372600,88,0,22926,9207,-82,-8.2,-11,-1.1,-51,-5.1,1,1,0,84,1,0,1,1,0.171633
112,1785481810529539200,89,0,23126,9207,-83,-8.3,-11,-1.1,-51,-5.1,1,1,0,85,1,0,1,1,0.071633
118,1785481810714454300,90,0,23326,9207,-84,-8.4,-11,-1.1,-51,-5.1,1,1,0,86,1,0,1,1,-0.028367
125,1785481810945234600,91,0,23526,9207,-84,-8.4,-11,-1.1,-51,-5.1,1,1,0,87,1,2,1,1,-0.028367
130,1785481811141027000,92,0,23726,9207,-85,-8.5,-12,-1.2,-51,-5.1,1,1,0,88,-1,0,1,1,-0.128367
137,1785481811345880100,93,0,23926,7438,-39,-3.9,-5,-0.5,-26,-2.6,1,1,0,89,-1,0,1,0,0.929625
143,1785481811548302900,94,0,24126,3186,48,4.8,3,0.3,22,2.2,1,1,0,90,-1,0,1,0,1.115991
148,1785481811710998600,95,0,24326,1821,62,6.2,3,0.3,31,3.1,1,1,0,91,-1,0,1,1,-0.217102
155,1785481811923549900,96,0,24526,1821,62,6.2,3,0.3,30,3.0,1,1,0,92,-1,0,1,1,-0.217102
161,1785481812122805500,97,0,24726,1827,63,6.3,3,0.3,30,3.0,1,1,0,93,-1,0,1,1,-0.105089
168,1785481812328259100,98,0,24926,1827,63,6.3,3,0.3,30,3.0,1,1,1,94,-1,0,1,1,-0.105089
174,1785481812529096200,99,0,25126,1827,64,6.4,3,0.3,30,3.0,1,1,1,94,-1,0,1,1,-0.005089
180,1785481812740288100,100,0,25326,1835,64,6.4,3,0.3,30,3.0,1,1,0,95,-1,0,1,1,0.010929
187,1785481812929218100,101,0,25526,1835,64,6.4,3,0.3,30,3.0,1,1,0,96,-1,0,1,1,0.010929
193,1785481813115501600,102,0,25726,1835,64,6.4,3,0.3,30,3.0,1,1,0,97,-1,0,1,1,0.010929
199,1785481813320004900,103,0,25926,1839,65,6.5,3,0.3,30,3.0,1,1,0,98,-1,0,1,1,0.118938
205,1785481813520972100,104,0,26126,1839,65,6.5,3,0.3,30,3.0,1,1,0,99,-1,0,1,1,0.118938
211,1785481813738967100,105,0,26326,1839,65,6.5,3,0.3,30,3.0,1,1,0,100,-1,0,1,1,0.118938
218,1785481813932627000,106,0,26526,1839,65,6.5,3,0.3,29,2.9,1,1,0,101,-1,0,1,1,0.118938
224,1785481814119666500,107,0,26726,1843,65,6.5,3,0.3,29,2.9,1,1,0,102,-1,0,1,1,0.126948
230,1785481814322839800,108,0,26926,1843,65,6.5,3,0.3,29,2.9,1,1,0,103,-1,2,1,1,0.126948
236,1785481814523915300,109,0,27126,1843,53,5.3,3,0.3,22,2.2,1,1,0,104,1,0,1,0,-1.073052
242,1785481814724250800,110,0,27326,3581,-35,-3.5,-5,-0.5,-27,-2.7,1,1,0,105,1,0,1,0,-6.393114
249,1785481814924377200,111,0,27526,7819,-80,-8.0,-12,-1.2,-51,-5.1,1,1,0,106,1,0,1,0,-2.407512
256,1785481815128212200,112,0,27726,9207,-83,-8.3,-12,-1.2,-53,-5.3,1,1,0,107,1,0,1,1,0.071633
262,1785481815327322100,113,0,27926,9207,-83,-8.3,-11,-1.1,-53,-5.3,1,1,1,107,1,0,1,1,0.071633
268,1785481815527532400,114,0,28126,9207,-84,-8.4,-11,-1.1,-53,-5.3,1,1,0,108,1,0,1,1,-0.028367
274,1785481815742697200,115,0,28326,9207,-85,-8.5,-11,-1.1,-53,-5.3,1,1,0,109,1,0,1,1,-0.128367
281,1785481815945298000,116,0,28526,9207,-85,-8.5,-11,-1.1,-53,-5.3,1,1,0,110,1,0,1,1,-0.128367
287,1785481816130173900,117,0,28726,9207,-86,-8.6,-11,-1.1,-53,-5.3,1,1,0,111,1,0,1,1,-0.228367
293,1785481816328295200,118,0,28926,9207,-86,-8.6,-11,-1.1,-53,-5.3,1,1,0,112,1,2,1,1,-0.228367
299,1785481816527368100,119,0,29126,9207,-78,-7.8,-11,-1.1,-49,-4.9,1,1,0,113,-1,0,1,1,0.571633
306,1785481816771318300,120,0,29326,7442,1,0.1,1,0.1,-6,-0.6,1,1,0,114,-1,0,1,0,4.937634
313,1785481816959930000,121,0,29526,3183,59,5.9,5,0.5,27,2.7,1,1,0,115,-1,0,1,0,2.209984
319,1785481817156548600,122,0,29726,1817,61,6.1,4,0.4,28,2.8,1,1,0,116,-1,0,1,1,-0.325111
325,1785481817355339500,123,0,29926,1823,61,6.1,4,0.4,28,2.8,1,1,0,117,-1,0,1,1,-0.313098
331,1785481817540772000,124,0,30126,1827,62,6.2,4,0.4,28,2.8,1,1,0,118,-1,0,1,1,-0.205089
337,1785481817745816700,125,0,30326,1827,63,6.3,4,0.4,28,2.8,1,1,0,119,-1,0,1,1,-0.105089
344,1785481817931939200,126,0,30526,1831,63,6.3,4,0.4,27,2.7,1,1,0,120,-1,0,1,1,-0.097080
350,1785481818153466500,127,0,30726,1835,63,6.3,4,0.4,27,2.7,1,1,0,121,-1,0,1,1,-0.089071
356,1785481818347603700,128,0,30926,1835,64,6.4,4,0.4,27,2.7,1,1,0,122,-1,0,1,1,0.010929
361,1785481818546686800,129,0,31126,1835,64,6.4,4,0.4,27,2.7,1,1,0,123,-1,0,1,1,0.010929
367,1785481818746756800,130,0,31326,1839,64,6.4,4,0.4,27,2.7,1,1,0,124,-1,0,1,1,0.018938
374,1785481818932497600,131,0,31526,1839,65,6.5,4,0.4,27,2.7,1,1,0,125,-1,0,1,1,0.118938
380,1785481819139839700,132,0,31726,1839,65,6.5,4,0.4,27,2.7,1,1,0,126,-1,0,1,1,0.118938
386,1785481819340302600,133,0,31926,1839,65,6.5,4,0.4,27,2.7,1,1,0,127,-1,0,1,1,0.118938
393,1785481819572259000,134,0,32126,1843,65,6.5,3,0.3,27,2.7,1,1,0,128,-1,0,1,1,0.126948
398,1785481819742646100,135,0,32326,1843,65,6.5,3,0.3,27,2.7,1,1,0,129,-1,2,1,1,0.126948
405,1785481819943163600,136,0,32526,1843,57,5.7,3,0.3,22,2.2,1,1,0,130,1,0,1,1,-0.673052
412,1785481820156502400,137,0,32726,3583,-23,-2.3,-2,-0.2,-22,-2.2,1,1,0,131,1,0,1,0,-5.189110
418,1785481820357406200,138,0,32926,7822,-79,-7.9,-12,-1.2,-53,-5.3,1,1,0,132,1,0,1,0,-2.301505
424,1785481820549245300,139,0,33126,9207,-82,-8.2,-12,-1.2,-55,-5.5,1,1,0,133,1,0,1,1,0.171633
430,1785481820757800100,140,0,33326,9207,-83,-8.3,-12,-1.2,-55,-5.5,1,1,0,134,1,0,1,1,0.071633
437,1785481820953012900,141,0,33526,9207,-84,-8.4,-11,-1.1,-55,-5.5,1,1,0,135,1,0,1,1,-0.028367
443,1785481821155634200,142,0,33726,9207,-85,-8.5,-11,-1.1,-55,-5.5,1,1,0,136,1,0,1,1,-0.128367
449,1785481821357223600,143,0,33926,9207,-85,-8.5,-11,-1.1,-55,-5.5,1,1,0,137,1,0,1,1,-0.128367
454,1785481821579067400,144,0,34126,9207,-86,-8.6,-11,-1.1,-55,-5.5,1,1,0,138,1,2,1,1,-0.228367
459,1785481821746520900,145,0,34326,9207,-81,-8.1,-11,-1.1,-53,-5.3,1,1,0,139,-1,0,1,1,0.271633
467,1785481821958080100,146,0,34526,7447,-13,-1.3,-2,-0.2,-16,-1.6,1,1,0,140,-1,0,1,0,3.547645
473,1785481822157112400,147,0,34726,3189,57,5.7,4,0.4,24,2.4,1,1,0,141,-1,0,1,0,2.021997
479,1785481822374426000,148,0,34926,1821,62,6.2,4,0.4,26,2.6,1,1,0,142,-1,0,1,1,-0.217102
485,1785481822556926100,149,0,35126,1821,62,6.2,4,0.4,26,2.6,1,1,0,143,-1,0,1,1,-0.217102
491,1785481822753218600,150,0,35326,1823,62,6.2,4,0.4,26,2.6,1,1,0,144,-1,0,1,1,-0.213098
498,1785481822954761500,151,0,35526,1827,63,6.3,4,0.4,26,2.6,1,1,0,145,-1,0,1,1,-0.105089
504,1785481823156938700,152,0,35726,1831,63,6.3,4,0.4,26,2.6,1,1,0,146,-1,0,1,1,-0.097080
510,1785481823354282300,153,0,35926,1831,64,6.4,4,0.4,25,2.5,1,1,0,147,-1,0,1,1,0.002920
516,1785481823554989700,154,0,36126,1835,64,6.4,4,0.4,25,2.5,1,1,0,148,-1,0,1,1,0.010929
522,1785481823757040600,155,0,36326,1835,64,6.4,4,0.4,25,2.5,1,1,0,149,-1,0,1,1,0.010929
529,1785481823961123200,156,0,36526,1839,65,6.5,4,0.4,25,2.5,1,1,0,150,-1,0,1,1,0.118938
535,1785481824147927000,157,0,36726,1839,65,6.5,3,0.3,25,2.5,1,1,0,151,-1,0,1,1,0.118938
541,1785481824357201900,158,0,36926,1839,65,6.5,3,0.3,25,2.5,1,1,0,152,-1,0,1,1,0.118938
547,1785481824557676400,159,0,37126,1839,65,6.5,3,0.3,25,2.5,1,1,0,153,-1,0,1,1,0.118938
554,1785481824776390200,160,0,37326,1843,65,6.5,3,0.3,25,2.5,1,1,0,154,-1,0,1,1,0.126948
561,1785481824981336800,161,0,37526,1843,65,6.5,3,0.3,25,2.5,1,1,0,155,-1,2,1,1,0.126948
567,1785481825164275200,162,0,37726,1843,60,6.0,3,0.3,22,2.2,1,1,0,156,1,0,1,1,-0.373052
573,1785481825372671300,163,0,37926,3587,-10,-1.0,0,0.0,-17,-1.7,1,1,0,157,1,0,1,0,-3.881101
579,1785481825557103500,164,0,38126,7823,-76,-7.6,-11,-1.1,-54,-5.4,1,1,0,158,1,0,1,0,-1.999503
585,1785481825761803700,165,0,38326,9207,-82,-8.2,-12,-1.2,-57,-5.7,1,1,0,159,1,0,1,1,0.171633
592,1785481825970863500,166,0,38526,9207,-83,-8.3,-12,-1.2,-57,-5.7,1,1,0,160,1,0,1,1,0.071633
598,1785481826161110600,167,0,38726,9207,-84,-8.4,-11,-1.1,-57,-5.7,1,1,0,161,1,0,1,1,-0.028367
604,1785481826366030500,168,0,38926,9207,-84,-8.4,-11,-1.1,-57,-5.7,1,1,0,162,1,0,1,1,-0.028367
610,1785481826562016400,169,0,39126,9207,-85,-8.5,-11,-1.1,-58,-5.8,1,1,0,163,1,0,1,1,-0.128367
616,1785481826763811000,170,0,39326,9207,-86,-8.6,-11,-1.1,-58,-5.8,1,1,0,164,1,2,1,1,-0.228367
623,1785481826962354700,171,0,39526,9207,-84,-8.4,-12,-1.2,-56,-5.6,1,1,0,165,-1,0,1,1,-0.028367
630,1785481827180266700,172,0,39726,7442,-25,-2.5,-3,-0.3,-25,-2.5,1,1,0,166,-1,0,1,0,2.337634
636,1785481827381722200,173,0,39926,3187,53,5.3,3,0.3,19,1.9,1,1,0,167,-1,0,1,0,1.617993
642,1785481827581978500,174,0,40126,1817,61,6.1,3,0.3,24,2.4,1,1,0,168,-1,0,1,1,-0.325111
648,1785481827778798900,175,0,40326,1823,62,6.2,3,0.3,24,2.4,1,1,0,169,-1,0,1,1,-0.213098
655,1785481827979254400,176,0,40526,1827,62,6.2,3,0.3,24,2.4,1,1,0,170,-1,0,1,1,-0.205089
661,1785481828194935300,177,0,40726,1827,63,6.3,3,0.3,23,2.3,1,1,0,171,-1,0,1,1,-0.105089
667,1785481828363710800,178,0,40926,1831,63,6.3,3,0.3,23,2.3,1,1,0,172,-1,0,1,1,-0.097080
672,1785481828574327300,179,0,41126,1831,64,6.4,3,0.3,23,2.3,1,1,1,172,-1,0,1,1,0.002920
678,1785481828802959000,180,0,41326,1835,64,6.4,3,0.3,23,2.3,1,1,0,173,-1,0,1,1,0.010929
684,1785481828981141400,181,0,41526,1835,64,6.4,3,0.3,23,2.3,1,1,0,174,-1,0,1,1,0.010929
690,1785481829172608300,182,0,41726,1839,65,6.5,3,0.3,23,2.3,1,1,0,175,-1,0,1,1,0.118938
697,1785481829396742900,183,0,41926,1839,65,6.5,3,0.3,23,2.3,1,1,0,176,-1,0,1,1,0.118938
703,1785481829597811900,184,0,42126,1839,65,6.5,3,0.3,23,2.3,1,1,1,176,-1,0,1,1,0.118938
709,1785481829805409800,185,0,42326,1839,65,6.5,3,0.3,23,2.3,1,1,0,177,-1,0,1,1,0.118938
715,1785481829963523500,186,0,42526,1843,65,6.5,3,0.3,23,2.3,1,1,0,178,-1,0,1,1,0.126948
722,1785481830190228000,187,0,42726,1843,66,6.6,3,0.3,23,2.3,1,1,0,179,-1,0,1,1,0.226948
728,1785481830395687400,188,0,42926,1843,66,6.6,3,0.3,23,2.3,1,1,1,179,-1,0,1,1,0.226948
734,1785481830573309400,189,0,43126,1843,66,6.6,3,0.3,23,2.3,1,1,0,180,-1,0,1,1,0.226948
740,1785481830771782500,190,0,43326,1843,66,6.6,3,0.3,23,2.3,1,1,1,180,-1,0,1,1,0.226948
747,1785481830977655000,191,0,43526,1843,66,6.6,3,0.3,23,2.3,1,1,0,181,-1,0,1,1,0.226948
753,1785481831178528000,192,0,43726,1843,66,6.6,3,0.3,23,2.3,1,1,0,182,-1,0,1,1,0.226948
759,1785481831371312000,193,0,43926,1843,66,6.6,3,0.3,23,2.3,1,1,0,183,-1,2,1,1,0.226948
765,1785481831577108600,194,0,44126,1843,63,6.3,3,0.3,21,2.1,1,1,0,184,1,0,1,1,-0.073052
771,1785481831777187400,195,0,44326,3583,10,1.0,2,0.2,-9,-0.9,1,1,0,185,1,0,1,0,-1.889110
779,1785481832005880800,196,0,44526,7827,-72,-7.2,-11,-1.1,-54,-5.4,1,1,0,186,1,0,1,0,-1.591494
784,1785481832171969400,197,0,44726,9207,-82,-8.2,-12,-1.2,-59,-5.9,1,1,1,187,1,0,1,1,0.171633
791,1785481832397157700,198,0,44926,9207,-82,-8.2,-12,-1.2,-59,-5.9,1,1,1,187,1,0,1,1,0.171633
797,1785481832604049300,199,0,45126,9207,-83,-8.3,-12,-1.2,-59,-5.9,1,1,1,187,1,0,1,1,0.071633
803,1785481832804806800,200,0,45326,9207,-84,-8.4,-11,-1.1,-59,-5.9,1,1,0,188,1,0,1,1,-0.028367
810,1785481833007976100,201,0,45526,9207,-85,-8.5,-11,-1.1,-59,-5.9,1,1,0,189,1,0,1,1,-0.128367
816,1785481833197740400,202,0,45726,9207,-85,-8.5,-11,-1.1,-60,-6.0,1,1,0,190,1,0,1,1,-0.128367
822,1785481833380475600,203,0,45926,9207,-86,-8.6,-11,-1.1,-60,-6.0,1,1,0,191,1,0,1,1,-0.228367
828,1785481833593492700,204,0,46126,9207,-86,-8.6,-11,-1.1,-60,-6.0,1,1,0,192,1,2,1,1,-0.228367
834,1785481833798943200,205,0,46326,9207,-86,-8.6,-12,-1.2,-60,-6.0,1,1,0,193,-1,0,1,1,-0.228367
841,1785481833996739800,206,0,46526,7447,-41,-4.1,-5,-0.5,-35,-3.5,1,1,0,194,-1,0,1,1,0.747645
847,1785481834203566600,207,0,46726,3189,47,4.7,4,0.4,14,1.4,1,1,0,195,-1,0,1,0,1.021997
853,1785481834395221500,208,0,46926,3189,61,6.1,4,0.4,22,2.2,1,1,1,195,-1,0,1,0,2.421997
860,1785481834616042900,209,0,47126,1823,61,6.1,4,0.4,22,2.2,1,1,0,196,-1,0,1,1,-0.313098
865,1785481834779791500,210,0,47326,1823,62,6.2,4,0.4,22,2.2,1,1,0,197,-1,0,1,1,-0.213098
872,1785481834980408200,211,0,47526,1827,63,6.3,4,0.4,21,2.1,1,1,0,198,-1,0,1,1,-0.105089
879,1785481835198952400,212,0,47726,1827,63,6.3,4,0.4,21,2.1,1,1,1,198,-1,0,1,1,-0.105089
885,1785481835407013200,213,0,47926,1835,63,6.3,4,0.4,21,2.1,1,1,1,199,-1,0,1,1,-0.089071
891,1785481835610298500,214,0,48126,1835,64,6.4,4,0.4,21,2.1,1,1,1,199,-1,0,1,1,0.010929
897,1785481835807635100,215,0,48326,1835,64,6.4,4,0.4,21,2.1,1,0,1,199,-1,0,0,0,
911,1785481836248594500,216,0,48776,1835,65,6.5,4,0.4,21,2.1,1,0,1,199,-1,0,0,0,
918,1785481836470967100,217,0,48976,1839,65,6.5,4,0.4,21,2.1,1,1,0,201,-1,0,1,1,0.118938
929,1785481836821209400,218,0,49352,1839,65,6.5,4,0.4,21,2.1,1,1,0,201,-1,0,1,1,0.118938
936,1785481837010624400,219,0,49552,1843,65,6.5,3,0.3,21,2.1,1,1,0,203,-1,0,1,1,0.126948
942,1785481837212231800,220,0,49752,1843,66,6.6,3,0.3,21,2.1,1,1,0,204,-1,0,1,1,0.226948
948,1785481837415211300,221,0,49952,1843,66,6.6,3,0.3,20,2.0,1,1,0,205,-1,0,1,1,0.226948
954,1785481837615673600,222,0,50152,1843,66,6.6,3,0.3,21,2.1,1,1,0,206,-1,0,1,1,0.226948
960,1785481837811579200,223,0,50352,1843,66,6.6,3,0.3,21,2.1,1,1,0,207,-1,0,1,1,0.226948
967,1785481838014279300,224,0,50552,1843,66,6.6,3,0.3,21,2.1,1,1,0,208,1,0,1,1,0.226948
973,1785481838214702100,225,0,50752,3583,39,3.9,3,0.3,6,0.6,1,1,0,209,1,0,1,0,1.010890
980,1785481838453794500,226,0,50952,7822,-57,-5.7,-7,-0.7,-48,-4.8,1,1,0,210,1,0,1,1,-0.101505
986,1785481838645788100,227,0,51152,9207,-82,-8.2,-12,-1.2,-61,-6.1,1,1,0,211,1,0,1,1,0.171633
993,1785481838845273900,228,0,51352,9207,-82,-8.2,-11,-1.1,-61,-6.1,1,1,0,212,1,0,1,1,0.171633
999,1785481839021331100,229,0,51552,9207,-83,-8.3,-11,-1.1,-62,-6.2,1,1,0,213,1,0,1,1,0.071633
1005,1785481839220478800,230,0,51752,9207,-84,-8.4,-11,-1.1,-62,-6.2,1,1,0,214,1,0,1,1,-0.028367
1011,1785481839416079700,231,0,51952,9207,-85,-8.5,-11,-1.1,-62,-6.2,1,1,0,215,1,0,1,1,-0.128367
1017,1785481839631197100,232,0,52152,9207,-85,-8.5,-11,-1.1,-62,-6.2,1,1,0,216,1,0,1,1,-0.128367
1023,1785481839828399800,233,0,52352,9207,-86,-8.6,-11,-1.1,-62,-6.2,1,1,0,217,-1,0,1,1,-0.228367
1030,1785481840020427800,234,0,52552,7445,-64,-6.4,-10,-1.0,-51,-5.1,1,1,0,218,-1,0,1,0,-1.556359
1036,1785481840222557900,235,0,52752,3186,27,2.7,3,0.3,0,0.0,1,1,0,219,-1,0,1,0,-0.984009
1043,1785481840463559800,236,0,52952,1817,62,6.2,4,0.4,20,2.0,1,1,0,220,-1,0,1,1,-0.225111
1048,1785481840622710100,237,0,53152,1819,62,6.2,4,0.4,20,2.0,1,1,0,221,-1,0,1,1,-0.221107
1054,1785481840827736700,238,0,53352,1823,62,6.2,4,0.4,19,1.9,1,1,0,222,-1,0,1,1,-0.213098
1062,1785481841042790900,239,0,53552,1827,63,6.3,4,0.4,19,1.9,1,1,0,223,-1,0,1,1,-0.105089
1068,1785481841245646600,240,0,53752,1831,63,6.3,4,0.4,19,1.9,1,1,0,224,-1,0,1,1,-0.097080
1073,1785481841432216400,241,0,53952,1831,64,6.4,4,0.4,19,1.9,1,1,0,225,-1,0,1,1,0.002920
1080,1785481841660745600,242,0,54152,1835,64,6.4,4,0.4,19,1.9,1,1,0,226,-1,0,1,1,0.010929
1086,1785481841827514200,243,0,54352,1835,64,6.4,4,0.4,19,1.9,1,1,0,227,-1,0,1,1,0.010929
1093,1785481842027963200,244,0,54552,1839,64,6.4,4,0.4,19,1.9,1,1,0,228,-1,0,1,1,0.018938
1099,1785481842240380900,245,0,54752,1839,65,6.5,4,0.4,19,1.9,1,1,0,229,-1,0,1,1,0.118938
1105,1785481842427657200,246,0,54952,1839,65,6.5,3,0.3,19,1.9,1,1,1,229,-1,0,1,1,0.118938
1111,1785481842638491900,247,0,55152,1839,65,6.5,3,0.3,19,1.9,1,1,0,230,-1,0,1,1,0.118938
1117,1785481842840371100,248,0,55352,1839,65,6.5,3,0.3,19,1.9,1,1,0,231,-1,0,1,1,0.118938
1125,1785481843078551500,249,0,55552,1843,65,6.5,3,0.3,19,1.9,1,1,0,232,-1,0,1,1,0.126948
1131,1785481843248534600,250,0,55752,1843,66,6.6,3,0.3,18,1.8,1,1,0,233,-1,0,1,1,0.226948
1136,1785481843461169400,251,0,55952,1843,66,6.6,3,0.3,18,1.8,1,1,0,234,1,0,1,1,0.226948
1141,1785481843671634900,252,0,56152,3583,46,4.6,3,0.3,7,0.7,1,1,0,235,1,0,1,0,1.710890
1146,1785481843844480200,253,0,56352,7825,-48,-4.8,-6,-0.6,-45,-4.5,1,1,0,236,1,0,1,0,0.804502
1154,1785481844040580500,254,0,56552,9207,-82,-8.2,-12,-1.2,-63,-6.3,1,1,0,237,1,0,1,1,0.171633
1160,1785481844241139500,255,0,56752,9207,-82,-8.2,-12,-1.2,-64,-6.4,1,1,0,238,1,0,1,1,0.171633
1166,1785481844440789500,256,0,56952,9207,-83,-8.3,-11,-1.1,-64,-6.4,1,1,0,239,1,0,1,1,0.071633
1172,1785481844647167400,257,0,57152,9207,-84,-8.4,-11,-1.1,-64,-6.4,1,1,1,239,1,0,1,1,-0.028367
1179,1785481844840853500,258,0,57352,9207,-85,-8.5,-11,-1.1,-64,-6.4,1,1,0,240,1,0,1,1,-0.128367
1185,1785481845041168500,259,0,57552,9207,-85,-8.5,-11,-1.1,-64,-6.4,1,1,0,241,1,0,1,1,-0.128367
1192,1785481845272320700,260,0,57752,9207,-86,-8.6,-11,-1.1,-64,-6.4,1,1,0,242,1,0,1,1,-0.228367
1198,1785481845471275500,261,0,57952,9207,-86,-8.6,-11,-1.1,-64,-6.4,1,1,0,243,-1,0,1,1,-0.228367
1204,1785481845665932300,262,0,58152,7445,-71,-7.1,-10,-1.0,-56,-5.6,1,1,0,244,-1,0,1,0,-2.256359
1211,1785481845857960900,263,0,58352,7445,17,1.7,3,0.3,-8,-0.8,1,1,1,244,-1,0,1,0,6.543641
1217,1785481846057172800,264,0,58552,1817,61,6.1,5,0.5,18,1.8,1,1,0,245,-1,0,1,1,-0.325111
1222,1785481846240629600,265,0,58752,1817,61,6.1,5,0.5,17,1.7,1,1,1,245,-1,0,1,1,-0.325111
1229,1785481846462334900,266,0,58952,1823,62,6.2,5,0.5,17,1.7,1,1,0,246,-1,0,1,1,-0.213098
1235,1785481846647991000,267,0,59152,1827,62,6.2,4,0.4,17,1.7,1,1,0,247,-1,0,1,1,-0.205089
1242,1785481846857531600,268,0,59352,1831,63,6.3,4,0.4,17,1.7,1,1,0,248,-1,0,1,1,-0.097080
1248,1785481847059438900,269,0,59552,1831,63,6.3,4,0.4,17,1.7,1,1,1,248,-1,0,1,1,-0.097080
1254,1785481847246856900,270,0,59752,1831,64,6.4,4,0.4,17,1.7,1,1,1,248,-1,0,1,1,0.002920
1260,1785481847447496400,271,0,59952,1835,64,6.4,4,0.4,16,1.6,1,1,0,249,-1,0,1,1,0.010929
1266,1785481847646762100,272,0,60152,1839,64,6.4,4,0.4,16,1.6,1,1,0,250,-1,0,1,1,0.018938
1273,1785481847848979600,273,0,60352,1839,65,6.5,4,0.4,16,1.6,1,1,0,251,-1,0,1,1,0.118938
1280,1785481848079483400,274,0,60552,1839,65,6.5,4,0.4,16,1.6,1,1,1,251,-1,0,1,1,0.118938
1285,1785481848247829100,275,0,60752,1839,65,6.5,4,0.4,16,1.6,1,1,0,252,-1,0,1,1,0.118938
1291,1785481848471357600,276,0,60952,1839,65,6.5,4,0.4,16,1.6,1,1,0,253,-1,0,1,1,0.118938
1297,1785481848673955000,277,0,61152,1843,65,6.5,4,0.4,16,1.6,1,1,0,254,-1,0,1,1,0.126948
