preview_frame_id,host_epoch_ns,host_monotonic_ns,video_source_epoch_ns,video_pipeline_latency_ms,telemetry_match_delta_ms,sync_offset_ms,decoded_frame_seq,dropped_frames,telemetry_session,telemetry_seq,telemetry_device_ms,tracking_frame_id
0,1785481810990140000,195081742425300,1785481810888900096,101.239904,24.510604,0.0,0,0,000070ca,6368,205077,8100
1,1785481811040632100,195081792917500,1785481810937878016,102.754084,7.356584,0.0,1,0,000070ca,6369,205128,8101
2,1785481811090239200,195081842524400,1785481810987632896,102.606304,2.208604,0.0,2,0,000070ca,6370,205176,8103
3,1785481811140594500,195081892880000,1785481811037988864,102.605636,9.664936,0.0,3,0,000070ca,6372,205233,8105
4,1785481811190936500,195081943222100,1785481811087245056,103.691444,16.317344,0.0,4,0,000070ca,6373,205283,8107
5,1785481811239958000,195081992243000,1785481811136933120,103.02488,4.09388,0.0,5,0,000070ca,6374,205318,8108
6,1785481811290336100,195082042621400,1785481811187599872,102.736228,7.446128,0.0,6,0,000070ca,6376,205377,8110
7,1785481811341205900,195082093491600,1785481811237021952,104.183948,-16.183852,0.0,7,0,000070ca,6377,205409,8111
8,1785481811389622000,195082141907300,1785481811287211008,102.410992,-8.809608,0.0,8,0,000070ca,6379,205466,8113
9,1785481811439994900,195082192280200,1785481811337989120,102.00578,7.89098,0.0,9,0,000070ca,6381,205528,8115
10,1785481811489559900,195082241845400,1785481811387110912,102.448988,-9.292412,0.0,10,0,000070ca,6382,205559,8116
11,1785481811539697100,195082291982400,1785481811436978176,102.718924,8.336224,0.0,11,0,000070ca,6384,205634,8119
12,1785481811589186800,195082341472100,1785481811487278080,101.90872,-9.70038,0.0,12,0,000070ca,6385,205658,8120
13,1785481811639885900,195082392171300,1785481811537010944,102.874956,11.291956,0.0,13,0,000070ca,6387,205735,8123
14,1785481811689482200,195082441767500,1785481811586877952,102.604248,-4.678152,0.0,14,0,000070ca,6388,205760,8124
15,1785481811740129900,195082492415500,1785481811636899840,103.23006,-5.22684,0.0,15,0,000070ca,6390,205824,8126
16,1785481811789428600,195082541713800,1785481811687022080,102.40652,-5.00018,0.0,16,0,000070ca,6391,205865,8128
17,1785481811840250800,195082592536100,1785481811737445120,102.80568,6.15678,0.0,17,0,000070ca,6393,205924,8130
18,1785481811889790200,195082642075300,1785481811786899968,102.890232,-22.711568,0.0,18,0,000070ca,6394,205957,8131
19,1785481811940017600,195082692302600,1785481811837566976,102.450624,8.360624,0.0,19,0,000070ca,6397,206032,8134
20,1785481811990650400,195082742935600,1785481811887067136,103.583264,-16.280536,0.0,20,0,000070ca,6398,206059,8135
21,1785481812039394000,195082791679300,1785481811937700096,101.693904,8.650404,0.0,21,0,000070ca,6400,206133,8138
22,1785481812089450200,195082841735500,1785481811988089088,101.361112,-16.851088,0.0,22,0,000070ca,6401,206159,8139
23,1785481812139609500,195082891894800,1785481812036977920,102.63158,8.27018,0.0,23,0,000070ca,6403,206233,8142
24,1785481812189305600,195082941591000,1785481812086945024,102.360576,-21.290824,0.0,24,0,000070ca,6404,206258,8143
25,1785481812239889200,195082992174400,1785481812137255936,102.633264,8.801664,0.0,25,0,000070ca,6406,206333,8146
26,1785481812289800900,195083042087000,1785481812186810880,102.99002,12.19582,0.0,26,0,000070ca,6408,206382,8148
27,1785481812339313300,195083091598600,1785481812237510912,101.802388,7.121588,0.0,27,0,000070ca,6409,206431,8150
28,1785481812389771400,195083142056700,1785481812286967040,102.80436,16.01676,0.0,28,0,000070ca,6411,206482,8152
29,1785481812439288700,195083191574000,1785481812336844032,102.444668,-8.584932,0.0,29,0,000070ca,6412,206516,8153
30,1785481812489702700,195083241988300,1785481812386910976,102.791724,-13.615776,0.0,30,0,000070ca,6413,206561,8155
31,1785481812540241900,195083292527100,1785481812436955904,103.285996,-9.148304,0.0,31,0,000070ca,6415,206617,8157
32,1785481812589525800,195083341810900,1785481812487045120,102.48068,-14.83912,0.0,32,0,000070ca,6416,206661,8159
33,1785481812640640300,195083392925600,1785481812537288960,103.35134,-8.19276,0.0,33,0,000070ca,6418,206717,8161
34,1785481812690042700,195083442327900,1785481812586899968,103.142732,20.517132,0.0,34,0,000070ca,6420,206783,8164
35,1785481812741824700,195083494110100,1785481812636867072,104.957628,-5.402972,0.0,35,0,000070ca,6421,206817,8165
36,1785481812790619300,195083542904700,1785481812687366912,103.252388,24.265888,0.0,36,0,000070ca,6423,206894,8168
37,1785481812840171500,195083592456800,1785481812737678080,102.49342,2.61002,0.0,37,0,000070ca,6424,206927,8169
38,1785481812889977600,195083642263100,1785481812787777792,102.199808,3.198108,0.0,38,0,000070ca,6426,206976,8171
39,1785481812939365300,195083691650400,1785481812837410816,101.954484,3.641484,0.0,39,0,000070ca,6428,207026,8173
40,1785481812989502100,195083741787500,1785481812887433984,102.068116,6.175316,0.0,40,0,000070ca,6430,207077,8175
41,1785481813039642900,195083791928200,1785481812936989184,102.653716,-7.771084,0.0,41,0,000070ca,6431,207111,8176
42,1785481813089804500,195083842089700,1785481812986967040,102.83746,9.06606,0.0,42,0,000070ca,6433,207183,8179
43,1785481813139102800,195083891388000,1785481813036889088,102.213712,-9.573588,0.0,43,0,000070ca,6434,207209,8180
44,1785481813190902500,195083943187900,1785481813087233024,103.669476,3.030376,0.0,44,0,000070ca,6436,207276,8182
45,1785481813239668000,195083991953200,1785481813136921856,102.746144,-21.420256,0.0,45,0,000070ca,6437,207308,8183
46,1785481813290537100,195084042822500,1785481813187522048,103.015052,6.880552,0.0,46,0,000070ca,6439,207382,8186
47,1785481813339641700,195084091927100,1785481813237032960,102.60874,-22.53006,0.0,47,0,000070ca,6440,207407,8187
48,1785481813392267800,195084144553000,1785481813287555840,104.71196,6.25486,0.0,48,0,000070ca,6442,207477,8190
49,1785481813446931700,195084199216800,1785481813336988928,109.942772,-16.984028,0.0,49,0,000070ca,6443,207508,8191
50,1785481813490585100,195084242870500,1785481813388956160,101.62894,22.27484,0.0,50,0,000070ca,6445,207580,8194
51,1785481813542775200,195084295060400,1785481813439744000,103.0312,3.1317,0.0,51,0,000070ca,6446,207625,8195
52,1785481813591034200,195084343319300,1785481813487456000,103.5782,10.4577,0.0,52,0,000070ca,6448,207685,8197
53,1785481813640390100,195084392675300,1785481813540011008,100.379092,-19.038908,0.0,53,0,000070ca,6449,207712,8198
54,1785481813690597500,195084442882600,1785481813588078080,102.51942,-10.30718,0.0,54,0,000070ca,6450,207758,8200
55,1785481813740931200,195084493216600,1785481813637232896,103.698304,-9.435796,0.0,55,0,000070ca,6452,207816,8202
56,1785481813789925300,195084542210600,1785481813687410944,102.514356,19.792756,0.0,56,0,000070ca,6454,207882,8204
57,1785481813840858000,195084593143300,1785481813737389056,103.468944,1.578044,0.0,57,0,000070ca,6455,207919,8205
58,1785481813890566000,195084642851400,1785481813787267072,103.298928,3.041128,0.0,58,0,000070ca,6457,207974,8207
59,1785481813939393600,195084691678700,1785481813837856000,101.5376,10.994,0.0,59,0,000070ca,6460,208033,8209
60,1785481813990597700,195084742882700,1785481813887599872,102.997828,8.427928,0.0,60,0,000070ca,6461,208081,8211
61,1785481814040085800,195084792370800,1785481813937010944,103.074856,-4.383944,0.0,61,0,000070ca,6462,208111,8212
62,1785481814090327200,195084842612600,1785481813987667200,102.66,3.2703,0.0,62,0,000070ca,6464,208177,8214
63,1785481814139971300,195084892256700,1785481814037511168,102.460132,22.124032,0.0,63,0,000070ca,6466,208249,8217
64,1785481814190396600,195084942682000,1785481814086956032,103.440568,1.535568,0.0,64,0,000070ca,6467,208269,8218
65,1785481814240094900,195084992380400,1785481814136933120,103.16178,-17.26662,0.0,65,0,000070ca,6468,208310,8219
66,1785481814290611700,195085042897200,1785481814187678208,102.933492,8.530192,0.0,66,0,000070ca,6470,208377,8221
67,1785481814339809900,195085092095000,1785481814236967168,102.842732,-12.762468,0.0,67,0,000070ca,6471,208409,8222
68,1785481814389797000,195085142082100,1785481814287589120,102.20788,6.31518,0.0,68,0,000070ca,6473,208466,8224
69,1785481814439712200,195085191997300,1785481814337011200,102.701,-14.1714,0.0,69,0,000070ca,6474,208511,8225
70,1785481814490218900,195085242504200,1785481814387443968,102.774932,7.038332,0.0,70,0,000070ca,6476,208575,8227
71,1785481814540061900,195085292347900,1785481814437021952,103.039948,9.659648,0.0,71,0,000070ca,6478,208633,8229
72,1785481814591251700,195085343536800,1785481814487811072,103.440628,-21.793072,0.0,72,0,000070ca,6479,208659,8230
73,1785481814641181700,195085393467300,1785481814536988928,104.192772,9.822872,0.0,73,0,000070ca,6481,208734,8233
74,1785481814691432000,195085443717300,1785481814587856128,103.575872,-22.215128,0.0,74,0,000070ca,6482,208760,8234
75,1785481814740433300,195085492718600,1785481814638010880,102.42242,7.56882,0.0,75,0,000070ca,6484,208831,8237
76,1785481814790206400,195085542491500,1785481814687889152,102.317248,-23.288152,0.0,76,0,000070ca,6485,208859,8238
77,1785481814840851600,195085593137500,1785481814737345024,103.506576,11.233176,0.0,77,0,000070ca,6487,208936,8241
78,1785481814889713000,195085641998100,1785481814787767040,101.94596,-21.57064,0.0,78,0,000070ca,6488,208960,8242
79,1785481814939766400,195085692051700,1785481814837755904,102.010496,7.641496,0.0,79,0,000070ca,6491,209033,8245
80,1785481814990453400,195085742739100,1785481814887211008,103.242392,-12.943908,0.0,80,0,000070ca,6492,209064,8246
81,1785481815039391000,195085791676200,1785481814936922112,102.468888,10.989788,0.0,81,0,000070ca,6494,209136,8249
82,1785481815089446900,195085841732100,1785481814987643904,101.802996,-21.940404,0.0,82,0,000070ca,6495,209160,8250
83,1785481815139365500,195085891650700,1785481815037244928,102.120572,-4.847528,0.0,83,0,000070ca,6497,209226,8253
84,1785481815189701800,195085941987000,1785481815086932992,102.768808,-9.769192,0.0,84,0,000070ca,6498,209266,8255
85,1785481815238948500,195085991233700,1785481815137043968,101.904532,-8.831768,0.0,85,0,000070ca,6500,209319,8257
86,1785481815289438700,195086041723700,1785481815187000064,102.438636,-15.749364,0.0,86,0,000070ca,6501,209361,8259
87,1785481815339012000,195086091297100,1785481815237122048,101.889952,-4.820348,0.0,87,0,000070ca,6503,209426,8262
88,1785481815389555300,195086141840500,1785481815287045120,102.51018,-6.41362,0.0,88,0,000070ca,6504,209466,8264
89,1785481815440875000,195086193160100,1785481815336999936,103.875064,-9.677836,0.0,89,0,000070ca,6506,209518,8266
90,1785481815490276200,195086242561200,1785481815386877952,103.398248,-10.313752,0.0,90,0,000070ca,6507,209560,8268
91,1785481815539036300,195086291321600,1785481815437689088,101.347212,1.331312,0.0,91,0,000070ca,6509,209627,8271
92,1785481815589212500,195086341497700,1785481815487699968,101.512532,17.832332,0.0,92,0,000070ca,6511,209697,8274
93,1785481815639525000,195086391810300,1785481815536889088,102.635912,-9.356688,0.0,93,0,000070ca,6512,209718,8275
94,1785481815690263800,195086442548900,1785481815586988800,103.275,8.6108,0.0,94,0,000070ca,6514,209784,8278
95,1785481815740011600,195086492296700,1785481815637411072,102.600528,5.980328,0.0,95,0,000070ca,6515,209825,8280
96,1785481815789995600,195086542281000,1785481815687699968,102.295632,22.062032,0.0,96,0,000070ca,6517,209897,8283
97,1785481815838930700,195086591215900,1785481815737334016,101.596684,5.363184,0.0,97,0,000070ca,6518,209925,8284
98,1785481815891689200,195086643974500,1785481815787534080,104.15512,16.89502,0.0,98,0,000070ca,6520,209996,8287
99,1785481815944992300,195086697277700,1785481815836833024,108.159276,-7.824224,0.0,99,0,000070ca,6521,210016,8288
100,1785481815991538800,195086743824100,1785481815888966912,102.571888,22.598488,0.0,100,0,000070ca,6524,210083,8291
101,1785481816039532700,195086791818000,1785481815937978112,101.554588,7.319888,0.0,101,0,000070ca,6525,210127,8292
102,1785481816090228800,195086842514000,1785481815987677952,102.550848,2.572648,0.0,102,0,000070ca,6527,210177,8294
103,1785481816139079900,195086891365300,1785481816037266944,101.812956,-6.970944,0.0,103,0,000070ca,6528,210217,8296
104,1785481816189849000,195086942134000,1785481816087377920,102.47108,7.90588,0.0,104,0,000070ca,6530,210283,8299
105,1785481816239902300,195086992187200,1785481816136989184,102.913116,-6.815284,0.0,105,0,000070ca,6531,210316,8300
106,1785481816290030500,195087042315800,1785481816187643904,102.386596,7.507096,0.0,106,0,000070ca,6533,210383,8303
107,1785481816340108500,195087092393700,1785481816237499904,102.608596,-15.779604,0.0,107,0,000070ca,6534,210408,8304
108,1785481816389299400,195087141584500,1785481816287478016,101.821384,-5.266216,0.0,108,0,000070ca,6536,210476,8307
109,1785481816440073400,195087192358900,1785481816337367040,102.70636,-9.07184,0.0,109,0,000070ca,6537,210519,8309
110,1785481816489650300,195087241935600,1785481816386967040,102.68326,11.67936,0.0,110,0,000070ca,6539,210583,8312
111,1785481816539551300,195087291836600,1785481816437766912,101.784388,18.950088,0.0,111,0,000070ca,6541,210648,8315
112,1785481816590038900,195087342324000,1785481816487444992,102.593908,17.811208,0.0,112,0,000070ca,6542,210697,8317
113,1785481816639861700,195087392146900,1785481816537199872,102.661828,-9.831772,0.0,113,0,000070ca,6543,210718,8318
114,1785481816691077100,195087443362400,1785481816587177984,103.899116,16.234916,0.0,114,0,000070ca,6545,210794,8321
115,1785481816740105700,195087492390900,1785481816637032960,103.07274,-13.60226,0.0,115,0,000070ca,6546,210815,8322
116,1785481816790461100,195087542746200,1785481816687756032,102.705068,8.208368,0.0,116,0,000070ca,6548,210883,8325
117,1785481816840407300,195087592692700,1785481816737245184,103.162116,-21.447284,0.0,117,0,000070ca,6549,210909,8326
118,1785481816891674800,195087643960000,1785481816787955968,103.718832,7.782332,0.0,118,0,000070ca,6551,210983,8329
119,1785481816940337300,195087692622500,1785481816837789184,102.548116,-22.742384,0.0,119,0,000070ca,6552,211009,8330
120,1785481816989300900,195087741586200,1785481816887856128,101.444772,2.702572,0.0,120,0,000070ca,6555,211077,8333
121,1785481817040013100,195087792298500,1785481816937856000,102.1571,22.074,0.0,121,0,000070ca,6557,211147,8336
122,1785481817089517100,195087841802400,1785481816987155968,102.361132,-6.672668,0.0,122,0,000070ca,6558,211174,8337
123,1785481817139177600,195087891462700,1785481817036988928,102.188672,11.003672,0.0,123,0,000070ca,6560,211233,8340
124,1785481817189267100,195087941552000,1785481817087367168,101.899932,2.766532,0.0,124,0,000070ca,6561,211277,8342
125,1785481817239343200,195087991628600,1785481817136989184,102.354016,19.559416,0.0,125,0,000070ca,6563,211348,8345
126,1785481817289207800,195088041493400,1785481817186877952,102.329848,-8.994352,0.0,126,0,000070ca,6564,211367,8346
127,1785481817339565500,195088091850600,1785481817236943872,102.621628,8.455228,0.0,127,0,000070ca,6566,211434,8349
128,1785481817389508600,195088141793900,1785481817287100160,102.40844,-4.74326,0.0,128,0,000070ca,6567,211476,8351
129,1785481817439815300,195088192100700,1785481817337410816,102.404484,17.928684,0.0,129,0,000070ca,6569,211547,8354
130,1785481817489812600,195088242097800,1785481817387289088,102.523512,-10.510288,0.0,130,0,000070ca,6570,211566,8355
131,1785481817540358500,195088292644000,1785481817437332992,103.025508,7.899808,0.0,131,0,000070ca,6572,211633,8358
132,1785481817589531100,195088341816400,1785481817487556096,101.975004,5.726504,0.0,132,0,000070ca,6573,211676,8360
133,1785481817639937600,195088392222800,1785481817537456128,102.481472,3.315872,0.0,133,0,000070ca,6575,211728,8362
134,1785481817690334400,195088442619800,1785481817587300096,103.034304,-6.104696,0.0,134,0,000070ca,6576,211767,8364
135,1785481817739871300,195088492156600,1785481817637489152,102.382148,7.322548,0.0,135,0,000070ca,6578,211833,8367
136,1785481817789619800,195088541905200,1785481817687244032,102.375768,-10.432432,0.0,136,0,000070ca,6579,211861,8368
137,1785481817839309800,195088591595100,1785481817737321984,101.987816,8.494716,0.0,137,0,000070ca,6581,211933,8371
138,1785481817889505500,195088641790500,1785481817786989056,102.516444,-11.018956,0.0,138,0,000070ca,6582,211959,8372
139,1785481817939582300,195088691868000,1785481817837421824,102.160476,6.289576,0.0,139,0,000070ca,6585,212031,8375
140,1785481817988926000,195088741211100,1785481817887633152,101.292848,2.622748,0.0,140,0,000070ca,6586,212078,8377
141,1785481818039421000,195088791706500,1785481817937400064,102.020936,-5.460864,0.0,141,0,000070ca,6588,212126,8379
142,1785481818089968400,195088842253500,1785481817986877952,103.090448,-9.396252,0.0,142,0,000070ca,6589,212167,8381
143,1785481818139525900,195088891811200,1785481818037078016,102.447884,9.238984,0.0,143,0,000070ca,6591,212231,8384
144,1785481818189267400,195088941552600,1785481818087421952,101.845448,18.540948,0.0,144,0,000070ca,6593,212298,8387
145,1785481818239150900,195088991436100,1785481818137188864,101.962036,16.277636,0.0,145,0,000070ca,6594,212344,8389
146,1785481818289284700,195089041569800,1785481818186978048,102.306652,-11.092748,0.0,146,0,000070ca,6595,212365,8390
147,1785481818338930300,195089091215600,1785481818237467136,101.463164,7.771264,0.0,147,0,000070ca,6597,212433,8393
148,1785481818390127000,195089142412300,1785481818286956032,103.170968,-14.073732,0.0,148,0,000070ca,6598,212458,8394
149,1785481818445288000,195089197573300,1785481818336966912,108.321088,10.636788,0.0,149,0,000070ca,6600,212534,8397
150,1785481818489815300,195089242100500,1785481818387332864,102.482436,-16.038164,0.0,150,0,000070ca,6601,212559,8398
151,1785481818540032100,195089292317400,1785481818437900032,102.132068,3.307368,0.0,151,0,000070ca,6602,212619,8400
152,1785481818589930800,195089342216000,1785481818487688960,102.24184,-22.85456,0.0,152,0,000070ca,6603,212657,8401
153,1785481818639849800,195089392135100,1785481818537144064,102.705736,9.542736,0.0,153,0,000070ca,6605,212728,8404
154,1785481818690064300,195089442349600,1785481818587688960,102.37534,-16.00046,0.0,154,0,000070ca,6606,212759,8405
155,1785481818739472600,195089491757900,1785481818637588992,101.883608,8.365908,0.0,155,0,000070ca,6608,212826,8408
156,1785481818789660300,195089541945500,1785481818687732992,101.927308,-21.471492,0.0,156,0,000070ca,6609,212859,8409
157,1785481818839869400,195089592154700,1785481818737099776,102.769624,9.657024,0.0,157,0,000070ca,6611,212928,8412
158,1785481818890208300,195089642493600,1785481818787132928,103.075372,-14.036328,0.0,158,0,000070ca,6612,212959,8413
159,1785481818939473700,195089691758900,1785481818837378048,102.095652,-13.365348,0.0,159,0,000070ca,6614,213016,8415
160,1785481818989860700,195089742146000,1785481818887166976,102.693724,-8.762076,0.0,160,0,000070ca,6616,213067,8417
161,1785481819038963200,195089791248500,1785481818936978176,101.985024,-4.480576,0.0,161,0,000070ca,6618,213124,8419
162,1785481819089878000,195089842163200,1785481818987444992,102.433008,22.374808,0.0,162,0,000070ca,6620,213198,8422
163,1785481819140913400,195089893198500,1785481819037044992,103.868408,-5.607892,0.0,163,0,000070ca,6621,213220,8423
164,1785481819190104100,195089942389600,1785481819087500032,102.604068,23.386268,0.0,164,0,000070ca,6623,213298,8426
165,1785481819239703800,195089991989000,1785481819137232896,102.470904,2.606804,0.0,165,0,000070ca,6624,213326,8427
166,1785481819290531500,195090042816600,1785481819187532800,102.9987,23.4612,0.0,166,0,000070ca,6626,213398,8430
167,1785481819339626800,195090091912000,1785481819237210880,102.41592,-5.47988,0.0,167,0,000070ca,6627,213424,8431
168,1785481819389926000,195090142211300,1785481819287410944,102.515056,5.844456,0.0,168,0,000070ca,6629,213477,8433
169,1785481819439376000,195090191661200,1785481819337466880,101.90912,2.83572,0.0,169,0,000070ca,6630,213526,8435
170,1785481819489642700,195090241928000,1785481819387422208,102.220492,7.269292,0.0,170,0,000070ca,6632,213578,8437
171,1785481819539900500,195090292185800,1785481819437555968,102.344532,-17.082768,0.0,171,0,000070ca,6633,213610,8438
172,1785481819589290800,195090341576000,1785481819487399936,101.890864,8.462764,0.0,172,0,000070ca,6635,213683,8441
173,1785481819640317400,195090392602800,1785481819536977920,103.33948,-16.97632,0.0,173,0,000070ca,6636,213709,8442
174,1785481819689678600,195090441963900,1785481819587388928,102.289672,8.126072,0.0,174,0,000070ca,6638,213783,8445
175,1785481819740253900,195090492539200,1785481819637367040,102.88686,-21.50334,0.0,175,0,000070ca,6639,213808,8446
176,1785481819790811400,195090543096400,1785481819687511040,103.30036,2.82056,0.0,176,0,000070ca,6641,213877,8449
177,1785481819840730000,195090593015700,1785481819737622016,103.107984,5.024084,0.0,177,0,000070ca,6642,213927,8451
178,1785481819889347600,195090641632800,1785481819787555840,101.79176,7.57596,0.0,178,0,000070ca,6644,213983,8453
179,1785481819940875800,195090693161100,1785481819836932864,103.942936,-16.457764,0.0,179,0,000070ca,6645,214009,8454
180,1785481819989843800,195090742129200,1785481819887078144,102.765656,-8.004144,0.0,180,0,000070ca,6647,214059,8456
181,1785481820040090300,195090792375500,1785481819938155776,101.934524,5.007824,0.0,181,0,000070ca,6649,214127,8458
182,1785481820090024800,195090842310100,1785481819987233024,102.791776,18.128076,0.0,182,0,000070ca,6651,214182,8460
183,1785481820140534100,195090892819200,1785481820037367040,103.16706,-12.99824,0.0,183,0,000070ca,6652,214216,8461
184,1785481820190960600,195090943245800,1785481820087256064,103.704536,17.576936,0.0,184,0,000070ca,6654,214283,8464
185,1785481820239476100,195090991761400,1785481820137111040,102.36506,-12.70994,0.0,185,0,000070ca,6655,214316,8465
186,1785481820288855000,195091041139900,1785481820188432896,100.422104,16.080204,0.0,186,0,000070ca,6657,214383,8468
187,1785481820339483100,195091091768100,1785481820237032960,102.45014,-9.00906,0.0,187,0,000070ca,6658,214416,8469
188,1785481820390090100,195091142375400,1785481820287000064,103.090036,17.278436,0.0,188,0,000070ca,6660,214483,8472
189,1785481820439556900,195091191842200,1785481820336945152,102.611748,-9.224352,0.0,189,0,000070ca,6661,214516,8473
190,1785481820489926700,195091242212100,1785481820386899968,103.026732,1.489532,0.0,190,0,000070ca,6663,214568,8475
191,1785481820538672500,195091290957500,1785481820437378048,101.294452,-24.072348,0.0,191,0,000070ca,6664,214599,8476
192,1785481820588973500,195091341258500,1785481820487588864,101.384636,2.665436,0.0,192,0,000070ca,6666,214677,8479
193,1785481820639158900,195091391444200,1785481820537056000,102.1029,12.1893,0.0,193,0,000070ca,6668,214734,8481
194,1785481820690146000,195091442431200,1785481820587132928,103.013072,-10.163228,0.0,194,0,000070ca,6669,214764,8482
195,1785481820739401200,195091491686500,1785481820636899840,102.50136,-9.42944,0.0,195,0,000070ca,6670,214809,8484
196,1785481820789577700,195091541862800,1785481820687056128,102.521572,-8.301528,0.0,196,0,000070ca,6672,214866,8486
197,1785481820839068500,195091591353500,1785481820736911104,102.157396,-8.199104,0.0,197,0,000070ca,6673,214911,8488
198,1785481820891116000,195091643401200,1785481820787444992,103.671008,3.078508,0.0,198,0,000070ca,6675,214969,8490
199,1785481820943903500,195091696188900,1785481820837078016,106.825484,12.002784,0.0,199,0,000070ca,6678,215033,8492
200,1785481820988671200,195091740956500,1785481820888932864,99.738336,-9.531464,0.0,200,0,000070ca,6679,215064,8493
201,1785481821041064600,195091793349900,1785481820936911104,104.153496,-13.984404,0.0,201,0,000070ca,6680,215101,8494
202,1785481821089217000,195091841502100,1785481820986877952,102.339048,-5.153352,0.0,202,0,000070ca,6682,215164,8496
203,1785481821139166500,195091891451600,1785481821038711040,100.45546,8.98726,0.0,203,0,000070ca,6684,215227,8498
204,1785481821189199600,195091941484700,1785481821086921984,102.277616,-13.045384,0.0,204,0,000070ca,6685,215259,8499
205,1785481821239691700,195091991976900,1785481821136878080,102.81362,-9.70888,0.0,205,0,000070ca,6686,215314,8501
206,1785481821289236500,195092041521600,1785481821186934016,102.302484,-6.765016,0.0,206,0,000070ca,6688,215366,8503
207,1785481821339755900,195092092041200,1785481821237533184,102.222716,6.671316,0.0,207,0,000070ca,6690,215426,8505
208,1785481821389807900,195092142092900,1785481821287188992,102.618908,-9.978392,0.0,208,0,000070ca,6691,215460,8506
209,1785481821438577000,195092190862300,1785481821337145088,101.431912,20.078512,0.0,209,0,000070ca,6693,215547,8509
210,1785481821489131700,195092241416800,1785481821387821824,101.309876,2.686976,0.0,210,0,000070ca,6694,215575,8510
211,1785481821539821400,195092292106400,1785481821436899840,102.92156,-27.20724,0.0,211,0,000070ca,6695,215600,8511
212,1785481821589906400,195092342191400,1785481821487111168,102.795232,-10.797868,0.0,212,0,000070ca,6696,215659,8513
213,1785481821639698600,195092391983700,1785481821537167104,102.531496,-7.687604,0.0,213,0,000070ca,6697,215712,8515
214,1785481821689597600,195092441882700,1785481821587311104,102.286496,-8.243704,0.0,214,0,000070ca,6698,215752,8516
215,1785481821740350400,195092492635600,1785481821637422080,102.92832,7.58102,0.0,215,0,000070ca,6700,215826,8518
216,1785481821790624800,195092542910000,1785481821687099904,103.524896,-12.771504,0.0,216,0,000070ca,6701,215858,8519
217,1785481821840445600,195092592730900,1785481821737622016,102.823584,8.898884,0.0,217,0,000070ca,6703,215933,8521
218,1785481821889643700,195092641929000,1785481821787721984,101.921716,-22.224084,0.0,218,0,000070ca,6704,215959,8522
219,1785481821939862800,195092692148200,1785481821837656064,102.206736,-6.817764,0.0,219,0,000070ca,6706,216025,8525
220,1785481821989794600,195092742079800,1785481821887078144,102.716456,-9.084144,0.0,220,0,000070ca,6708,216067,8527
221,1785481822039747400,195092792032600,1785481821937310976,102.436424,-7.041276,0.0,221,0,000070ca,6710,216124,8529
222,1785481822089667100,195092841952100,1785481821987045120,102.62198,19.02748,0.0,222,0,000070ca,6712,216193,8532
223,1785481822141008300,195092893293500,1785481822037010944,103.997356,-10.987844,0.0,223,0,000070ca,6713,216216,8533
224,1785481822189597000,195092941882300,1785481822087677952,101.919048,22.062148,0.0,224,0,000070ca,6715,216301,8537
225,1785481822239075400,195092991360600,1785481822137267200,101.8082,-7.8468,0.0,225,0,000070ca,6716,216320,8538
226,1785481822289906900,195093042192200,1785481822187366912,102.539988,16.220088,0.0,226,0,000070ca,6718,216394,8541
227,1785481822339346500,195093091631800,1785481822236911104,102.435396,-13.098404,0.0,227,0,000070ca,6719,216415,8542
228,1785481822389327100,195093141612400,1785481822287578112,101.748988,18.000588,0.0,228,0,000070ca,6721,216497,8546
229,1785481822439620100,195093191905400,1785481822337033984,102.586116,-12.365684,0.0,229,0,000070ca,6722,216516,8547
230,1785481822489661000,195093241946300,1785481822387033088,102.627912,10.991812,0.0,230,0,000070ca,6724,216586,8550
231,1785481822539003700,195093291289000,1785481822437388800,101.6149,6.6853,0.0,231,0,000070ca,6725,216626,8552
232,1785481822589044000,195093341329200,1785481822487545088,101.498912,17.804812,0.0,232,0,000070ca,6727,216697,8555
233,1785481822640974400,195093393259800,1785481822536889088,104.085312,-7.922888,0.0,233,0,000070ca,6728,216716,8556
234,1785481822689560600,195093441845900,1785481822586956032,102.604568,8.530968,0.0,234,0,000070ca,6730,216784,8559
235,1785481822739787900,195093492073200,1785481822637622016,102.165884,1.973384,0.0,235,0,000070ca,6731,216827,8561
236,1785481822789401200,195093541686500,1785481822686978048,102.423152,19.459152,0.0,236,0,000070ca,6733,216893,8564
237,1785481822839504400,195093591789700,1785481822736988928,102.515472,-12.461428,0.0,237,0,000070ca,6734,216917,8565
238,1785481822889658300,195093641943700,1785481822787000064,102.658236,9.980436,0.0,238,0,000070ca,6736,216982,8568
239,1785481822939391500,195093691676800,1785481822837410816,101.980684,-21.791116,0.0,239,0,000070ca,6737,217010,8569
240,1785481822989378600,195093741663900,1785481822887467008,101.911592,18.489992,0.0,240,0,000070ca,6740,217097,8573
241,1785481823039864900,195093792150200,1785481822937133056,102.731844,-9.645556,0.0,241,0,000070ca,6741,217116,8574
242,1785481823090371400,195093842656400,1785481822986932992,103.438408,12.056308,0.0,242,0,000070ca,6743,217193,8577
243,1785481823139163100,195093891448300,1785481823037566976,101.596124,-21.387676,0.0,243,0,000070ca,6744,217210,8578
244,1785481823188892900,195093941178200,1785481823087721984,101.170916,-5.339984,0.0,244,0,000070ca,6746,217276,8581
245,1785481823239824300,195093992109600,1785481823136889088,102.935212,-10.867488,0.0,245,0,000070ca,6747,217316,8583
246,1785481823289226700,195094041512000,1785481823186767104,102.459596,8.922096,0.0,246,0,000070ca,6749,217384,8586
247,1785481823339084900,195094091370400,1785481823237521920,101.56298,20.21158,0.0,247,0,000070ca,6751,217449,8589
248,1785481823389806000,195094142091300,1785481823287055872,102.750128,12.143428,0.0,248,0,000070ca,6752,217493,8591
249,1785481823445231900,195094197517200,1785481823337011200,108.2207,-9.5011,0.0,249,0,000070ca,6753,217514,8592
250,1785481823489371600,195094241657000,1785481823387467008,101.904592,24.076192,0.0,250,0,000070ca,6755,217583,8595
251,1785481823539473300,195094291758500,1785481823437978112,101.495188,2.735488,0.0,251,0,000070ca,6756,217625,8596
252,1785481823590311600,195094342596700,1785481823487366912,102.944688,-6.830212,0.0,252,0,000070ca,6758,217674,8598
253,1785481823640186600,195094392472000,1785481823537122048,103.064552,-9.658948,0.0,253,0,000070ca,6759,217714,8600
254,1785481823690790200,195094443075500,1785481823587533056,103.257144,7.937844,0.0,254,0,000070ca,6761,217783,8603
255,1785481823739799000,195094492084300,1785481823637677824,102.121176,7.891576,0.0,255,0,000070ca,6763,217833,8605
256,1785481823789436300,195094541721600,1785481823687110912,102.325388,-4.702112,0.0,256,0,000070ca,6764,217876,8607
257,1785481823839960000,195094592245300,1785481823737710848,102.249152,19.329752,0.0,257,0,000070ca,6766,217949,8610
258,1785481823889536300,195094641821700,1785481823787077888,102.458412,-9.470888,0.0,258,0,000070ca,6767,217967,8611
259,1785481823940457600,195094692742900,1785481823837156096,103.301504,11.552604,0.0,259,0,000070ca,6770,218043,8614
260,1785481823990026700,195094742312000,1785481823887588864,102.437836,7.375536,0.0,260,0,000070ca,6771,218077,8616
261,1785481824039588600,195094791873900,1785481823938456064,101.132536,22.667136,0.0,261,0,000070ca,6773,218149,8619
262,1785481824089553800,195094841839100,1785481823987577856,101.975944,5.812544,0.0,262,0,000070ca,6774,218176,8620
263,1785481824139376300,195094891661700,1785481824037432832,101.943468,17.124968,0.0,263,0,000070ca,6776,218246,8623
264,1785481824189666100,195094941951200,1785481824086888960,102.77714,-6.94176,0.0,264,0,000070ca,6777,218266,8624
265,1785481824239921100,195094992206700,1785481824136933120,102.98798,10.99388,0.0,265,0,000070ca,6779,218336,8627
266,1785481824289224400,195095041509600,1785481824187577856,101.646544,7.695944,0.0,266,0,000070ca,6780,218382,8629
267,1785481824339325900,195095091610800,1785481824237089024,102.236876,-22.498824,0.0,267,0,000070ca,6781,218408,8630
268,1785481824389329100,195095141614100,1785481824287111168,102.217932,-6.855268,0.0,268,0,000070ca,6783,218470,8633
269,1785481824439185200,195095191470700,1785481824337033984,102.151216,20.167916,0.0,269,0,000070ca,6785,218544,8636
270,1785481824489962900,195095242248200,1785481824386956032,103.006868,-9.113232,0.0,270,0,000070ca,6786,218567,8637
271,1785481824539824200,195095292109300,1785481824436922112,102.902088,10.326788,0.0,271,0,000070ca,6788,218632,8640
272,1785481824589360000,195095341645200,1785481824487577856,101.782144,-21.573456,0.0,272,0,000070ca,6789,218660,8641
273,1785481824639641900,195095391927100,1785481824537600000,102.0419,20.0764,0.0,273,0,000070ca,6791,218749,8645
274,1785481824689762500,195095442047800,1785481824586855936,102.906564,-7.314136,0.0,274,0,000070ca,6792,218769,8646
275,1785481824739286700,195095491572100,1785481824636933120,102.35358,9.93808,0.0,275,0,000070ca,6794,218835,8649
276,1785481824789272000,195095541557100,1785481824687443968,101.828032,-21.874468,0.0,276,0,000070ca,6795,218860,8650
277,1785481824839717100,195095592002300,1785481824736888832,102.828268,-6.787032,0.0,277,0,000070ca,6797,218924,8653
278,1785481824889944300,195095642229800,1785481824787045120,102.89918,-10.65492,0.0,278,0,000070ca,6798,218966,8655
279,1785481824939344600,195095691629800,1785481824837389056,101.955544,7.822844,0.0,279,0,000070ca,6801,219033,8658
280,1785481824989720000,195095742005200,1785481824887622144,102.097856,22.182356,0.0,280,0,000070ca,6803,219101,8661
281,1785481825039303400,195095791588700,1785481824936999936,102.303464,-7.313536,0.0,281,0,000070ca,6804,219120,8662
282,1785481825089868400,195095842153800,1785481824987278080,102.59032,-5.94128,0.0,282,0,000070ca,6805,219165,8664
283,1785481825140871500,195095893156900,1785481825036999936,103.871564,8.294264,0.0,283,0,000070ca,6807,219234,8667
284,1785481825190514800,195095942800100,1785481825087910912,102.603888,-15.273312,0.0,284,0,000070ca,6808,219258,8668
285,1785481825240490100,195095992775400,1785481825137689088,102.801012,1.690112,0.0,285,0,000070ca,6810,219327,8671
286,1785481825289947000,195096042232300,1785481825187844864,102.102136,18.780336,0.0,286,0,000070ca,6812,219398,8674
287,1785481825340246300,195096092531500,1785481825237377792,102.868508,-12.936092,0.0,287,0,000070ca,6813,219417,8675
288,1785481825389647600,195096141932900,1785481825287222016,102.425584,11.731284,0.0,288,0,000070ca,6815,219486,8678
289,1785481825439867300,195096192152800,1785481825337378048,102.489252,10.556752,0.0,289,0,000070ca,6816,219531,8680
290,1785481825489627700,195096241912700,1785481825387155968,102.471732,8.701332,0.0,290,0,000070ca,6818,219583,8682
291,1785481825539200300,195096291485600,1785481825437411072,101.789228,6.668628,0.0,291,0,000070ca,6819,219626,8684
292,1785481825589306600,195096341591900,1785481825487421952,101.884648,18.346548,0.0,292,0,000070ca,6821,219698,8687
293,1785481825639486600,195096391771900,1785481825536932864,102.553736,-7.224864,0.0,293,0,000070ca,6822,219716,8688
294,1785481825689430400,195096441715500,1785481825587322112,102.108288,18.184388,0.0,294,0,000070ca,6824,219793,8691
295,1785481825740193000,195096492478500,1785481825637378048,102.814952,-4.260048,0.0,295,0,000070ca,6825,219816,8692
296,1785481825790124800,195096542410000,1785481825687256064,102.868736,17.383736,0.0,296,0,000070ca,6827,219894,8695
297,1785481825840515700,195096592801000,1785481825738066944,102.448756,-7.683544,0.0,297,0,000070ca,6828,219916,8696
298,1785481825891314500,195096643599900,1785481825787910912,103.403588,18.519288,0.0,298,0,000070ca,6830,219997,8699
299,1785481825944199800,195096696485100,1785481825837421824,106.777976,1.617576,0.0,299,0,000070ca,6831,220017,8700
300,1785481825990013400,195096742298700,1785481825889167104,100.846296,21.695996,0.0,300,0,000070ca,6834,220077,8702
301,1785481826039864600,195096792149900,1785481825937044992,102.819608,-4.819692,0.0,301,0,000070ca,6835,220123,8703
302,1785481826089724300,195096842009600,1785481825987333888,102.390412,7.370312,0.0,302,0,000070ca,6837,220182,8705
303,1785481826140758000,195096893043100,1785481826037678080,103.07992,7.07822,0.0,303,0,000070ca,6838,220226,8707
304,1785481826189957500,195096942242600,1785481826086945024,103.012476,-10.481024,0.0,304,0,000070ca,6839,220258,8708
305,1785481826239982100,195096992267200,1785481826138377984,101.604116,-11.172584,0.0,305,0,000070ca,6841,220316,8710
306,1785481826290239100,195097042524300,1785481826187345152,102.893948,7.232748,0.0,306,0,000070ca,6843,220375,8712
307,1785481826339889900,195097092175200,1785481826237611008,102.278892,-22.808808,0.0,307,0,000070ca,6844,220408,8713
308,1785481826389246100,195097141531400,1785481826287811072,101.435028,7.502228,0.0,308,0,000070ca,6846,220475,8716
309,1785481826439244800,195097191530400,1785481826337488896,101.755904,-21.880896,0.0,309,0,000070ca,6847,220508,8717
310,1785481826490824200,195097243109500,1785481826387144960,103.67924,20.03884,0.0,310,0,000070ca,6849,220582,8720
311,1785481826541765000,195097294050300,1785481826436978176,104.786824,-5.595376,0.0,311,0,000070ca,6850,220619,8721
312,1785481826589164600,195097341449600,1785481826487677952,101.486648,-5.668752,0.0,312,0,000070ca,6852,220675,8723
313,1785481826639691000,195097391976200,1785481826537378048,102.312952,1.833352,0.0,313,0,000070ca,6853,220725,8725
314,1785481826689990400,195097442275900,1785481826586877952,103.112448,3.008648,0.0,314,0,000070ca,6855,220776,8727
315,1785481826739563900,195097491849100,1785481826637310976,102.252924,-4.789676,0.0,315,0,000070ca,6856,220825,8729
316,1785481826790331200,195097542616600,1785481826687400192,102.931008,-5.038892,0.0,316,0,000070ca,6858,220875,8731
317,1785481826839019800,195097591304900,1785481826737178112,101.841688,-5.151812,0.0,317,0,000070ca,6859,220924,8733
318,1785481826889882600,195097642167800,1785481826787367168,102.515432,3.864332,0.0,318,0,000070ca,6861,220977,8735
319,1785481826940145900,195097692431400,1785481826836966912,103.178988,11.552588,0.0,319,0,000070ca,6864,221036,8737
320,1785481826990209500,195097742494800,1785481826887689216,102.520284,7.908184,0.0,320,0,000070ca,6865,221078,8739
321,1785481827040419700,195097792705100,1785481826937756160,102.66354,-10.69706,0.0,321,0,000070ca,6866,221109,8740
322,1785481827092367200,195097844653000,1785481826987366912,105.000288,3.757988,0.0,322,0,000070ca,6868,221177,8742
323,1785481827139398800,195097891683800,1785481827037699840,101.69896,-24.27844,0.0,323,0,000070ca,6869,221203,8743
324,1785481827190931300,195097943216500,1785481827087188992,103.742308,11.152708,0.0,324,0,000070ca,6871,221283,8746
325,1785481827239949300,195097992235200,1785481827137367040,102.58226,16.39696,0.0,325,0,000070ca,6873,221332,8748
326,1785481827289185000,195098041470500,1785481827187278080,101.90692,-7.01138,0.0,326,0,000070ca,6874,221368,8749
327,1785481827339863500,195098092149000,1785481827237134080,102.72942,24.10302,0.0,327,0,000070ca,6876,221443,8752
328,1785481827389934600,195098142219800,1785481827287355904,102.578696,-5.356604,0.0,328,0,000070ca,6877,221474,8753
329,1785481827438930400,195098191215600,1785481827337043968,101.886432,19.098432,0.0,329,0,000070ca,6879,221536,8756
330,1785481827489102300,195098241387700,1785481827386899968,102.202332,-5.177768,0.0,330,0,000070ca,6880,221569,8757
331,1785481827539743100,195098292028900,1785481827436888832,102.854268,19.893068,0.0,331,0,000070ca,6882,221636,8760
332,1785481827588984600,195098341269700,1785481827486921984,102.062616,-8.234884,0.0,332,0,000070ca,6883,221667,8761
333,1785481827638843400,195098391128500,1785481827537032960,101.81044,19.00544,0.0,333,0,000070ca,6885,221736,8764
334,1785481827689036600,195098441322100,1785481827586921984,102.114616,-4.943484,0.0,334,0,000070ca,6886,221769,8765
335,1785481827739613400,195098491898600,1785481827636977920,102.63548,-29.04602,0.0,335,0,000070ca,6887,221795,8766
336,1785481827789268000,195098541553100,1785481827686989056,102.278944,10.746844,0.0,336,0,000070ca,6889,221883,8769
337,1785481827839179000,195098591464300,1785481827737533184,101.645816,7.567416,0.0,337,0,000070ca,6891,221933,8771
338,1785481827889086300,195098641372000,1785481827787188992,101.897308,-8.390092,0.0,338,0,000070ca,6892,221960,8772
339,1785481827939894000,195098692179300,1785481827836932864,102.961136,9.475136,0.0,339,0,000070ca,6895,222034,8775
340,1785481827989439600,195098741724900,1785481827886921984,102.517616,-8.385884,0.0,340,0,000070ca,6896,222059,8776
341,1785481828039232300,195098791517400,1785481827937711104,101.521196,7.238796,0.0,341,0,000070ca,6898,222133,8779
342,1785481828090097000,195098842382100,1785481827986955776,103.141224,-7.701376,0.0,342,0,000070ca,6899,222160,8780
343,1785481828139805500,195098892090800,1785481828037022208,102.783292,12.300492,0.0,343,0,000070ca,6901,222236,8783
344,1785481828189714700,195098942000000,1785481828087377920,102.33678,1.99088,0.0,344,0,000070ca,6902,222266,8784
345,1785481828239854100,195098992139400,1785481828137389056,102.465044,2.732044,0.0,345,0,000070ca,6904,222325,8786
346,1785481828289428500,195099041713800,1785481828187599872,101.828628,7.335428,0.0,346,0,000070ca,6905,222374,8788
347,1785481828339526100,195099091811400,1785481828237689088,101.837012,8.226612,0.0,347,0,000070ca,6907,222428,8790
348,1785481828389586400,195099141871700,1785481828286989056,102.597344,-5.767956,0.0,348,0,000070ca,6908,222462,8791
349,1785481828443797700,195099196082700,1785481828337955840,105.84186,1.87536,0.0,349,0,000070ca,6910,222526,8793
350,1785481828489712200,195099241997300,1785481828387345152,102.367048,-23.634352,0.0,350,0,000070ca,6911,222552,8794
351,1785481828539599400,195099291885000,1785481828437166848,102.432552,3.265552,0.0,351,0,000070ca,6912,222617,8796
352,1785481828589445800,195099341730900,1785481828487478016,101.967784,19.061484,0.0,352,0,000070ca,6914,222695,8799
353,1785481828639405300,195099391690600,1785481828537310976,102.094324,6.183024,0.0,353,0,000070ca,6915,222717,8800
354,1785481828689628100,195099441913400,1785481828586999808,102.628292,-12.672508,0.0,354,0,000070ca,6916,222759,8801
355,1785481828739701600,195099491987000,1785481828637255936,102.445664,24.942164,0.0,355,0,000070ca,6918,222843,8804
356,1785481828789272800,195099541558000,1785481828687099904,102.172896,-4.665704,0.0,356,0,000070ca,6919,222876,8805
357,1785481828838865100,195099591150500,1785481828737200128,101.664972,16.951072,0.0,357,0,000070ca,6921,222932,8807
358,1785481828890075000,195099642360000,1785481828787200000,102.875,15.759,0.0,358,0,000070ca,6922,222969,8808
359,1785481828939246500,195099691531900,1785481828837122048,102.124452,-6.186548,0.0,359,0,000070ca,6923,223015,8809
360,1785481828989694400,195099741979500,1785481828887699968,101.994432,-23.467068,0.0,360,0,000070ca,6925,223049,8810
361,1785481829040730200,195099793015500,1785481828937089024,103.641176,10.428876,0.0,361,0,000070ca,6927,223133,8813
362,1785481829088707700,195099840992600,1785481828987099904,101.607796,-5.958504,0.0,362,0,000070ca,6928,223165,8814
363,1785481829140199100,195099892484300,1785481829038266880,101.93222,15.64732,0.0,363,0,000070ca,6930,223220,8816
364,1785481829189457200,195099941742500,1785481829087055872,102.401328,-10.596672,0.0,364,0,000070ca,6931,223265,8817
365,1785481829240292700,195099992578000,1785481829137711104,102.581596,9.143196,0.0,365,0,000070ca,6933,223327,8820
366,1785481829289916900,195100042202000,1785481829187511040,102.40586,7.75516,0.0,366,0,000070ca,6935,223383,8822
367,1785481829339058500,195100091343900,1785481829237945088,101.113412,5.222112,0.0,367,0,000070ca,6936,223426,8824
368,1785481829389497500,195100141783000,1785481829287656192,101.841308,-4.659592,0.0,368,0,000070ca,6938,223477,8826
369,1785481829439806200,195100192091300,1785481829337033984,102.772216,-8.213284,0.0,369,0,000070ca,6939,223516,8828
370,1785481829490518600,195100242803600,1785481829387078144,103.440456,9.664756,0.0,370,0,000070ca,6941,223585,8831
371,1785481829539265900,195100291550900,1785481829437867008,101.398892,-15.053408,0.0,371,0,000070ca,6942,223610,8832
372,1785481829590190500,195100342476100,1785481829487066880,103.12362,-8.78428,0.0,372,0,000070ca,6943,223659,8834
373,1785481829639551300,195100391836300,1785481829536999936,102.551364,-8.742836,0.0,373,0,000070ca,6945,223716,8836
374,1785481829689584200,195100441869500,1785481829586932992,102.651208,10.878908,0.0,374,0,000070ca,6947,223786,8839
375,1785481829739570600,195100491856400,1785481829637356032,102.214568,-14.614632,0.0,375,0,000070ca,6948,223810,8840
376,1785481829789058600,195100541343800,1785481829687233024,101.825576,-4.267524,0.0,376,0,000070ca,6950,223876,8843
377,1785481829839021000,195100591306300,1785481829737111040,101.90996,-7.78934,0.0,377,0,000070ca,6951,223920,8845
378,1785481829888969600,195100641254900,1785481829787200000,101.7696,18.2098,0.0,378,0,000070ca,6953,223985,8848
379,1785481829939468700,195100691753800,1785481829837067008,102.401692,-12.658308,0.0,379,0,000070ca,6954,224016,8849
380,1785481829989722700,195100742008000,1785481829886921984,102.800716,9.644216,0.0,380,0,000070ca,6957,224081,8852
381,1785481830039431400,195100791716700,1785481829937455872,101.975528,-21.761972,0.0,381,0,000070ca,6958,224109,8853
382,1785481830089291800,195100841576700,1785481829987467008,101.824792,7.425792,0.0,382,0,000070ca,6960,224177,8856
383,1785481830139520200,195100891805400,1785481830037656064,101.864136,17.675236,0.0,383,0,000070ca,6962,224247,8859
384,1785481830189903600,195100942188900,1785481830087211008,102.692592,17.784892,0.0,384,0,000070ca,6963,224293,8861
385,1785481830239557000,195100991842300,1785481830137211136,102.345864,-12.827336,0.0,385,0,000070ca,6964,224316,8862
386,1785481830289189300,195101041474500,1785481830187688960,101.50034,2.53904,0.0,386,0,000070ca,6966,224368,8864
387,1785481830339130900,195101091416100,1785481830237299968,101.830932,18.225632,0.0,387,0,000070ca,6968,224447,8867
388,1785481830390577100,195101142862300,1785481830286878208,103.698892,-6.922408,0.0,388,0,000070ca,6969,224466,8868
389,1785481830439275900,195101191561300,1785481830337511168,101.764732,7.976032,0.0,389,0,000070ca,6971,224533,8871
390,1785481830489498500,195101241783800,1785481830388011008,101.487492,7.676392,0.0,390,0,000070ca,6972,224583,8873
391,1785481830539343100,195101291628600,1785481830437032960,102.31014,-21.91126,0.0,391,0,000070ca,6973,224609,8874
392,1785481830589282100,195101341567400,1785481830487056128,102.225972,-6.329028,0.0,392,0,000070ca,6975,224674,8877
393,1785481830640162800,195101392448100,1785481830536966912,103.195888,11.417688,0.0,393,0,000070ca,6977,224733,8880
394,1785481830689259800,195101441545100,1785481830586978048,102.281752,-13.668648,0.0,394,0,000070ca,6978,224763,8881
395,1785481830739194500,195101491479900,1785481830637532928,101.661572,18.196572,0.0,395,0,000070ca,6980,224848,8885
396,1785481830790481400,195101542766700,1785481830687233024,103.248376,-10.303424,0.0,396,0,000070ca,6981,224866,8886
397,1785481830840116500,195101592401700,1785481830736867072,103.249428,8.855328,0.0,397,0,000070ca,6983,224933,8889
398,1785481830889968700,195101642253700,1785481830787467008,102.501692,-15.684508,0.0,398,0,000070ca,6984,224961,8890
399,1785481830943728700,195101696013600,1785481830837632768,106.095932,7.295432,0.0,399,0,000070ca,6987,225032,8893
400,1785481830989422900,195101741708200,1785481830887732992,101.689908,-5.936192,0.0,400,0,000070ca,6988,225076,8895
401,1785481831039124600,195101791409900,1785481830937010944,102.113656,-8.983944,0.0,401,0,000070ca,6989,225115,8896
402,1785481831089873100,195101842158600,1785481830987233024,102.640076,-9.578024,0.0,402,0,000070ca,6991,225167,8898
403,1785481831139600700,195101891885600,1785481831037044992,102.555708,9.607308,0.0,403,0,000070ca,6993,225234,8901
404,1785481831189320100,195101941605500,1785481831087910912,101.409188,-22.365312,0.0,404,0,000070ca,6994,225259,8902
405,1785481831239592800,195101991878100,1785481831137145088,102.447712,-7.277588,0.0,405,0,000070ca,6996,225324,8905
406,1785481831289591600,195102041876700,1785481831187045120,102.54648,-8.51712,0.0,406,0,000070ca,6997,225364,8907
407,1785481831339513200,195102091798500,1785481831236955904,102.557296,11.727796,0.0,407,0,000070ca,6999,225437,8910
408,1785481831389426100,195102141711500,1785481831287055872,102.370228,-16.038372,0.0,408,0,000070ca,7000,225460,8911
409,1785481831440497100,195102192782100,1785481831337156096,103.341004,-4.582896,0.0,409,0,000070ca,7002,225526,8914
410,1785481831489609100,195102241894300,1785481831386977792,102.631308,-15.665792,0.0,410,0,000070ca,7003,225560,8915
411,1785481831539955100,195102292240400,1785481831437266944,102.688156,1.567856,0.0,411,0,000070ca,7005,225626,8918
412,1785481831590028800,195102342314200,1785481831487211008,102.817792,-6.742608,0.0,412,0,000070ca,7006,225666,8920
413,1785481831640156200,195102392441200,1785481831537522176,102.634024,8.420024,0.0,413,0,000070ca,7008,225733,8923
414,1785481831690963400,195102443248900,1785481831587421952,103.541448,-10.313352,0.0,414,0,000070ca,7009,225761,8924
415,1785481831740137000,195102492422300,1785481831637732864,102.404136,7.641336,0.0,415,0,000070ca,7011,225831,8927
416,1785481831790584500,195102542870100,1785481831688067072,102.517428,-15.100572,0.0,416,0,000070ca,7012,225858,8928
417,1785481831839954000,195102592239300,1785481831737200128,102.753872,-4.434628,0.0,417,0,000070ca,7014,225926,8931
418,1785481831889625500,195102641910800,1785481831787688960,101.93654,-10.50156,0.0,418,0,000070ca,7015,225961,8932
419,1785481831939371300,195102691656600,1785481831837656064,101.715236,8.343536,0.0,419,0,000070ca,7018,226033,8935
420,1785481831989280500,195102741565800,1785481831887188992,102.091508,9.264208,0.0,420,0,000070ca,7020,226084,8937
421,1785481832039262400,195102791547700,1785481831936944128,102.318272,-4.825228,0.0,421,0,000070ca,7021,226126,8939
422,1785481832089536700,195102841822000,1785481831987299840,102.23686,18.58096,0.0,422,0,000070ca,7023,226198,8942
423,1785481832139624400,195102891909900,1785481832036966912,102.657488,-12.574012,0.0,423,0,000070ca,7024,226216,8943
424,1785481832189436400,195102941721900,1785481832087367168,102.069232,7.230332,0.0,424,0,000070ca,7026,226283,8946
425,1785481832239600100,195102991885300,1785481832137566976,102.033124,4.924724,0.0,425,0,000070ca,7027,226325,8948
426,1785481832289752500,195103042037900,1785481832187355904,102.396596,10.429896,0.0,426,0,000070ca,7029,226383,8950
427,1785481832339011100,195103091296300,1785481832237544960,101.46614,6.98634,0.0,427,0,000070ca,7030,226427,8952
428,1785481832389102200,195103141387500,1785481832287378176,101.724024,18.088724,0.0,428,0,000070ca,7032,226497,8955
429,1785481832439102900,195103191388200,1785481832336977920,102.12498,-7.85872,0.0,429,0,000070ca,7033,226516,8956
430,1785481832489610800,195103241896100,1785481832386899968,102.710832,10.257732,0.0,430,0,000070ca,7035,226585,8959
431,1785481832539157700,195103291442600,1785481832436966912,102.190788,6.945988,0.0,431,0,000070ca,7036,226631,8961
432,1785481832589321300,195103341606300,1785481832487478016,101.843284,2.462284,0.0,432,0,000070ca,7038,226677,8963
433,1785481832638930300,195103391215800,1785481832537144064,101.786236,-6.651364,0.0,433,0,000070ca,7039,226724,8965
434,1785481832689557900,195103441842900,1785481832586888960,102.66894,17.16034,0.0,434,0,000070ca,7041,226785,8968
435,1785481832739090800,195103491375800,1785481832636867072,102.223728,-13.198372,0.0,435,0,000070ca,7042,226815,8969
436,1785481832789570400,195103541855300,1785481832687421952,102.148448,5.959648,0.0,436,0,000070ca,7044,226876,8972
437,1785481832839628100,195103591913500,1785481832736845056,102.783044,-7.119956,0.0,437,0,000070ca,7045,226923,8974
438,1785481832889669800,195103641955200,1785481832787555840,102.11396,17.25096,0.0,438,0,000070ca,7047,226997,8977
439,1785481832939078900,195103691364100,1785481832837021952,102.056948,12.421348,0.0,439,0,000070ca,7050,227043,8979
440,1785481832989565500,195103741850900,1785481832887500032,102.065468,20.277668,0.0,440,0,000070ca,7051,227097,8981
441,1785481833039040200,195103791325700,1785481832936955904,102.084296,-7.732604,0.0,441,0,000070ca,7052,227119,8982
442,1785481833089547000,195103841832200,1785481832987456000,102.091,20.5201,0.0,442,0,000070ca,7054,227198,8985
443,1785481833140710500,195103892995400,1785481833036921856,103.788644,-6.191856,0.0,443,0,000070ca,7055,227220,8986
444,1785481833188847500,195103941132800,1785481833087356160,101.49134,24.53304,0.0,444,0,000070ca,7057,227297,8989
445,1785481833239683500,195103991969200,1785481833137243904,102.439596,-5.191304,0.0,445,0,000070ca,7058,227325,8990
446,1785481833289293800,195104041579100,1785481833186956032,102.337768,10.784368,0.0,446,0,000070ca,7060,227377,8992
447,1785481833339271000,195104091556500,1785481833236988928,102.282072,-14.482228,0.0,447,0,000070ca,7061,227409,8993
448,1785481833391895400,195104144180500,1785481833287077888,104.817512,-16.477088,0.0,448,0,000070ca,7062,227459,8995
449,1785481833443748500,195104196033600,1785481833336966912,106.781588,-9.695712,0.0,449,0,000070ca,7064,227515,8997
450,1785481833489777100,195104242062400,1785481833388900096,100.877004,-8.424496,0.0,450,0,000070ca,7066,227568,8999
451,1785481833539504000,195104291789500,1785481833437155840,102.34816,-6.41994,0.0,451,0,000070ca,7067,227609,9000
452,1785481833590100900,195104342386200,1785481833487377920,102.72298,-5.97172,0.0,452,0,000070ca,7069,227670,9002
453,1785481833639406900,195104391692100,1785481833537244928,102.161972,-4.808428,0.0,453,0,000070ca,7070,227716,9004
454,1785481833690227200,195104442512300,1785481833587599872,102.627328,5.892828,0.0,454,0,000070ca,7072,227777,9006
455,1785481833739454800,195104491740300,1785481833636977920,102.47688,-23.31322,0.0,455,0,000070ca,7073,227803,9007
456,1785481833789564000,195104541849400,1785481833687721984,101.842016,6.631016,0.0,456,0,000070ca,7075,227877,9010
457,1785481833840102200,195104592387800,1785481833737155840,102.94636,-22.85004,0.0,457,0,000070ca,7076,227907,9011
458,1785481833890421900,195104642707000,1785481833787267072,103.154828,11.676128,0.0,458,0,000070ca,7078,227985,9014
459,1785481833941029100,195104693315400,1785481833837277952,103.751148,-14.581152,0.0,459,0,000070ca,7079,228011,9015
460,1785481833990675800,195104742961100,1785481833887677952,102.997848,2.967448,0.0,460,0,000070ca,7082,228076,9017
461,1785481834040326000,195104792611500,1785481833937588992,102.737008,24.840108,0.0,461,0,000070ca,7084,228147,9020
462,1785481834089792900,195104842078000,1785481833987855872,101.937028,8.883928,0.0,462,0,000070ca,7085,228181,9021
463,1785481834139903800,195104892189200,1785481834038055936,101.847864,7.844264,0.0,463,0,000070ca,7087,228232,9023
464,1785481834189779600,195104942064800,1785481834087500032,102.279568,10.273968,0.0,464,0,000070ca,7088,228282,9025
465,1785481834239465500,195104991750800,1785481834137521920,101.94358,7.93018,0.0,465,0,000070ca,7090,228333,9027
466,1785481834289462600,195105041748200,1785481834187077888,102.384712,16.488712,0.0,466,0,000070ca,7091,228384,9029
467,1785481834339675500,195105091961000,1785481834237122048,102.553452,-12.581348,0.0,467,0,000070ca,7092,228415,9030
468,1785481834389785300,195105142070800,1785481834287343872,102.441428,5.193328,0.0,468,0,000070ca,7094,228466,9032
469,1785481834439790800,195105192076100,1785481834337511168,102.279632,5.426232,0.0,469,0,000070ca,7096,228526,9034
470,1785481834489394900,195105241680300,1785481834387300096,102.094804,7.921404,0.0,470,0,000070ca,7097,228570,9036
471,1785481834539738500,195105292023800,1785481834437422080,102.31642,6.82392,0.0,471,0,000070ca,7099,228627,9038
472,1785481834589205700,195105341490900,1785481834487066880,102.13882,-22.88108,0.0,472,0,000070ca,7100,228657,9039
473,1785481834639894300,195105392179600,1785481834537699840,102.19446,6.29946,0.0,473,0,000070ca,7102,228727,9042
474,1785481834688853500,195105441138700,1785481834586888960,101.96454,-22.51236,0.0,474,0,000070ca,7103,228757,9043
475,1785481834739738700,195105492024000,1785481834637756160,101.98254,8.21774,0.0,475,0,000070ca,7105,228832,9046
476,1785481834789208300,195105541493600,1785481834686855936,102.352364,-20.710036,0.0,476,0,000070ca,7106,228859,9047
477,1785481834839513000,195105591798800,1785481834737478144,102.034856,8.053756,0.0,477,0,000070ca,7108,228932,9050
478,1785481834889439300,195105641724600,1785481834786932992,102.506308,-7.141492,0.0,478,0,000070ca,7109,228968,9051
479,1785481834938745900,195105691031200,1785481834837043968,101.701932,2.900332,0.0,479,0,000070ca,7111,229026,9053
480,1785481834989063600,195105741348700,1785481834887188992,101.874608,-21.536492,0.0,480,0,000070ca,7113,229053,9054
481,1785481835039379100,195105791664600,1785481834937010944,102.368156,-7.305744,0.0,481,0,000070ca,7114,229108,9056
482,1785481835089436200,195105841721600,1785481834986921984,102.514216,-6.513784,0.0,482,0,000070ca,7116,229168,9058
483,1785481835139571100,195105891856400,1785481835037310976,102.260124,18.010524,0.0,483,0,000070ca,7118,229244,9061
484,1785481835188869900,195105941155300,1785481835087233024,101.636876,-9.994024,0.0,484,0,000070ca,7119,229266,9062
485,1785481835239288500,195105991573600,1785481835137043968,102.244532,11.982532,0.0,485,0,000070ca,7121,229335,9065
486,1785481835289040200,195106041325300,1785481835186845184,102.195016,12.107216,0.0,486,0,000070ca,7123,229386,9067
487,1785481835339254700,195106091540000,1785481835237010944,102.243756,16.442856,0.0,487,0,000070ca,7124,229444,9069
488,1785481835389532900,195106141818200,1785481835286866944,102.665956,-7.885144,0.0,488,0,000070ca,7125,229465,9070
489,1785481835439639900,195106191925300,1785481835336977920,102.66198,10.58988,0.0,489,0,000070ca,7127,229532,9072
490,1785481835489363800,195106241649000,1785481835387056128,102.307672,19.957072,0.0,490,0,000070ca,7129,229594,9074
491,1785481835539686600,195106291972000,1785481835437021952,102.664648,-8.256452,0.0,491,0,000070ca,7130,229617,9075
492,1785481835589441300,195106341726600,1785481835487066880,102.37442,-8.83068,0.0,492,0,000070ca,7131,229667,9077
493,1785481835639322400,195106391607700,1785481835537477888,101.844512,8.108612,0.0,493,0,000070ca,7133,229730,9079
494,1785481835689837100,195106442122400,1785481835586956032,102.881068,-7.583632,0.0,494,0,000070ca,7134,229759,9080
495,1785481835740958700,195106493244100,1785481835637021952,103.936748,-5.855452,0.0,495,0,000070ca,7136,229820,9082
496,1785481835789442900,195106541728200,1785481835687377920,102.06498,24.82258,0.0,496,0,000070ca,7138,229898,9085
497,1785481835839102000,195106591387300,1785481835737689088,101.412912,2.082512,0.0,497,0,000070ca,7139,229926,9086
498,1785481835892945200,195106645230500,1785481835787121920,105.82328,20.51318,0.0,498,0,000070ca,7141,229982,9088
499,1785481835944281800,195106696567100,1785481835836945152,107.336648,-6.241452,0.0,499,0,000070ca,7142,230020,9089
500,1785481835990455800,195106742741100,1785481835888889088,101.566712,18.589412,0.0,500,0,000070ca,7145,230076,9091
501,1785481836039662900,195106791948200,1785481835937288960,102.37394,17.18964,0.0,501,0,000070ca,7146,230132,9092
502,1785481836089782000,195106842067300,1785481835988022016,101.759984,-11.097916,0.0,502,0,000070ca,7147,230166,9093
503,1785481836140436100,195106892721300,1785481836037156096,103.280004,11.382404,0.0,503,0,000070ca,7149,230234,9095
504,1785481836189930300,195106942215600,1785481836087277824,102.652476,-5.402824,0.0,504,0,000070ca,7150,230261,9096
505,1785481836239689900,195106991975400,1785481836137478144,102.211756,6.062956,0.0,505,0,000070ca,7152,230324,9098
506,1785481836289305600,195107041591000,1785481836187256064,102.049536,-14.954864,0.0,506,0,000070ca,7153,230353,9099
507,1785481836339957900,195107092243200,1785481836237499904,102.457996,11.094596,0.0,507,0,000070ca,7155,230428,9101
508,1785481836389064300,195107141349700,1785481836287000064,102.064236,-8.715364,0.0,508,0,000070ca,7156,230465,9102
509,1785481836439427800,195107191712900,1785481836338032896,101.394904,9.070204,0.0,509,0,000070ca,7158,230516,9104
510,1785481836490030300,195107242315800,1785481836386932992,103.097308,10.806208,0.0,510,0,000070ca,7160,230586,9106
511,1785481836540264200,195107292549500,1785481836437021952,103.242248,-20.812152,0.0,511,0,000070ca,7161,230610,9107
512,1785481836589228800,195107341514100,1785481836487611136,101.617664,7.811364,0.0,512,0,000070ca,7163,230682,9110
513,1785481836639282500,195107391568300,1785481836537878016,101.404484,21.512984,0.0,513,0,000070ca,7165,230750,9113
514,1785481836689652400,195107441937400,1785481836587034112,102.618288,-7.022912,0.0,514,0,000070ca,7166,230769,9114
515,1785481836739550600,195107491835800,1785481836636944896,102.605704,-10.740296,0.0,515,0,000070ca,7167,230814,9116
516,1785481836789501100,195107541786200,1785481836687456000,102.0451,3.6145,0.0,516,0,000070ca,7169,230878,9119
517,1785481836839313300,195107591598600,1785481836737089024,102.224276,18.404076,0.0,517,0,000070ca,7171,230947,9122
518,1785481836889590700,195107641876000,1785481836787055872,102.534828,11.453028,0.0,518,0,000070ca,7172,230983,9124
519,1785481836939387000,195107691672400,1785481836836910848,102.476152,8.926452,0.0,519,0,000070ca,7175,231034,9126
520,1785481836989262300,195107741547700,1785481836887622144,101.640156,6.738156,0.0,520,0,000070ca,7176,231076,9128
521,1785481837040180900,195107792465900,1785481836936944128,103.236772,18.719272,0.0,521,0,000070ca,7178,231147,9131
522,1785481837088930400,195107841215500,1785481836987032832,101.897568,-6.940432,0.0,522,0,000070ca,7179,231166,9132
523,1785481837139613400,195107891898500,1785481837037010944,102.602456,16.059956,0.0,523,0,000070ca,7181,231243,9135
524,1785481837189885500,195107942170900,1785481837087055872,102.829628,-8.572572,0.0,524,0,000070ca,7182,231265,9136
525,1785481837239532500,195107991817800,1785481837137500160,102.03234,7.29584,0.0,525,0,000070ca,7184,231332,9139
526,1785481837288942200,195108041227500,1785481837187588864,101.353336,3.197236,0.0,526,0,000070ca,7185,231378,9141
527,1785481837339427600,195108091713200,1785481837237210880,102.21672,20.55122,0.0,527,0,000070ca,7187,231444,9144
528,1785481837389757900,195108142043500,1785481837286855936,102.901964,-7.185736,0.0,528,0,000070ca,7188,231469,9145
529,1785481837439932500,195108192217800,1785481837337188864,102.743636,10.778436,0.0,529,0,000070ca,7190,231533,9148
530,1785481837489437200,195108241722500,1785481837387610880,101.82632,6.06592,0.0,530,0,000070ca,7191,231578,9150
531,1785481837539365800,195108291651200,1785481837437689088,101.676712,7.168312,0.0,531,0,000070ca,7193,231627,9152
532,1785481837590170000,195108342455700,1785481837487299840,102.87016,-5.46684,0.0,532,0,000070ca,7194,231676,9154
533,1785481837640799800,195108393084800,1785481837536966912,103.832888,10.190088,0.0,533,0,000070ca,7196,231735,9157
534,1785481837688699900,195108440985100,1785481837587666944,101.032956,-22.031144,0.0,534,0,000070ca,7197,231760,9158
535,1785481837739410000,195108491695300,1785481837637521920,101.88808,1.51688,0.0,535,0,000070ca,7199,231827,9161
536,1785481837790072600,195108542357900,1785481837686921984,103.150616,-9.654084,0.0,536,0,000070ca,7200,231866,9163
537,1785481837840136400,195108592421700,1785481837736999936,103.136464,8.383964,0.0,537,0,000070ca,7202,231934,9166
538,1785481837889311400,195108641596800,1785481837787632896,101.678504,-23.082796,0.0,538,0,000070ca,7203,231959,9167
539,1785481837939991400,195108692276900,1785481837837810944,102.180456,-5.691444,0.0,539,0,000070ca,7206,232026,9170
540,1785481837990118000,195108742403200,1785481837887110912,103.007088,-8.763312,0.0,540,0,000070ca,7207,232065,9172
541,1785481838039822600,195108792108000,1785481837937689088,102.133512,7.637312,0.0,541,0,000070ca,7209,232133,9175
542,1785481838089267900,195108841553200,1785481837987811072,101.456828,-15.118872,0.0,542,0,000070ca,7210,232158,9176
543,1785481838139834900,195108892120400,1785481838037344000,102.4909,-5.073,0.0,543,0,000070ca,7212,232226,9179
544,1785481838191391100,195108943676600,1785481838087410944,103.980156,-8.379244,0.0,544,0,000070ca,7213,232268,9181
545,1785481838240747800,195108993033400,1785481838137577984,103.169816,11.211016,0.0,545,0,000070ca,7215,232333,9184
546,1785481838290644500,195109042929600,1785481838187778048,102.866452,-16.692548,0.0,546,0,000070ca,7216,232360,9185
547,1785481838340119600,195109092404700,1785481838238121984,101.997616,7.730316,0.0,547,0,000070ca,7218,232426,9188
548,1785481838391551000,195109143836000,1785481838287822080,103.72892,19.39702,0.0,548,0,000070ca,7220,232499,9191
549,1785481838445020600,195109197306100,1785481838337266944,107.753656,16.303056,0.0,549,0,000070ca,7221,232544,9193
550,1785481838489414600,195109241700300,1785481838389111040,100.30356,-14.63404,0.0,550,0,000070ca,7222,232565,9194
551,1785481838539893600,195109292178700,1785481838437110784,102.782816,-16.268884,0.0,551,0,000070ca,7223,232586,9195
552,1785481838590209600,195109342495100,1785481838487177984,103.031616,-10.403384,0.0,552,0,000070ca,7225,232666,9197
553,1785481838639939600,195109392225200,1785481838537167104,102.772496,10.411196,0.0,553,0,000070ca,7227,232731,9200
554,1785481838689807500,195109442093200,1785481838587710976,102.096524,7.084924,0.0,554,0,000070ca,7229,232782,9202
555,1785481838739480900,195109491766500,1785481838637611008,101.869892,8.177092,0.0,555,0,000070ca,7230,232827,9204
556,1785481838790104100,195109542389100,1785481838687421952,102.682148,17.824948,0.0,556,0,000070ca,7232,232897,9207
557,1785481838839294400,195109591579700,1785481838736978176,102.316224,-8.019976,0.0,557,0,000070ca,7233,232916,9208
558,1785481838889589900,195109641874900,1785481838787843840,101.74606,7.54236,0.0,558,0,000070ca,7235,232983,9211
559,1785481838939146300,195109691431800,1785481838837277952,101.868348,7.995948,0.0,559,0,000070ca,7237,233033,9213
560,1785481838989456700,195109741742200,1785481838887399936,102.056764,22.902064,0.0,560,0,000070ca,7239,233097,9216
561,1785481839040245600,195109792531100,1785481838936989184,103.256416,-7.303284,0.0,561,0,000070ca,7240,233123,9217
562,1785481839089446600,195109841731700,1785481838987056128,102.390472,11.565172,0.0,562,0,000070ca,7242,233183,9220
563,1785481839139282300,195109891567500,1785481839037310976,101.971324,-15.979876,0.0,563,0,000070ca,7243,233213,9221
564,1785481839190514200,195109942799500,1785481839087311104,103.203096,18.073796,0.0,564,0,000070ca,7245,233297,9225
565,1785481839240229300,195109992514600,1785481839137078016,103.151284,-12.689316,0.0,565,0,000070ca,7246,233316,9226
566,1785481839291826300,195110044111700,1785481839187556096,104.270204,8.397804,0.0,566,0,000070ca,7248,233383,9229
567,1785481839339403800,195110091689200,1785481839237911040,101.49276,-17.43224,0.0,567,0,000070ca,7249,233411,9230
568,1785481839389735800,195110142021400,1785481839287833088,101.902712,2.001312,0.0,568,0,000070ca,7251,233477,9233
569,1785481839439269900,195110191555400,1785481839337043968,102.225932,-12.495568,0.0,569,0,000070ca,7252,233517,9235
570,1785481839490110500,195110242395900,1785481839387388928,102.721572,7.806372,0.0,570,0,000070ca,7254,233583,9238
571,1785481839540399500,195110292684900,1785481839437021952,103.377548,-20.942252,0.0,571,0,000070ca,7255,233610,9239
572,1785481839589400100,195110341685400,1785481839487677952,101.722148,7.160548,0.0,572,0,000070ca,7257,233683,9242
573,1785481839639756400,195110392041600,1785481839537588992,102.167408,22.242108,0.0,573,0,000070ca,7259,233750,9245
574,1785481839689864300,195110442149800,1785481839587145216,102.719084,18.324884,0.0,574,0,000070ca,7260,233793,9247
575,1785481839741765100,195110494050300,1785481839637399808,104.365292,-6.202708,0.0,575,0,000070ca,7261,233818,9248
576,1785481839790568600,195110542854100,1785481839687567104,103.001496,7.398996,0.0,576,0,000070ca,7263,233883,9251
577,1785481839839218100,195110591503200,1785481839737600000,101.6181,-15.3933,0.0,577,0,000070ca,7264,233908,9252
578,1785481839889666600,195110641951500,1785481839787566848,102.099752,-5.450348,0.0,578,0,000070ca,7266,233976,9255
579,1785481839941307200,195110693592500,1785481839837100032,104.207168,-8.700232,0.0,579,0,000070ca,7267,234019,9257
580,1785481839990553900,195110742839200,1785481839887345152,103.208748,12.963948,0.0,580,0,000070ca,7270,234083,9260
581,1785481840040526000,195110792811100,1785481839937611008,102.914992,-15.150908,0.0,581,0,000070ca,7271,234114,9261
582,1785481840090267800,195110842553100,1785481839987822080,102.44572,7.65612,0.0,582,0,000070ca,7273,234177,9264
583,1785481840140464700,195110892750000,1785481840038088960,102.37574,-17.66116,0.0,583,0,000070ca,7274,234211,9265
584,1785481840190329300,195110942614400,1785481840087677952,102.651348,6.988648,0.0,584,0,000070ca,7276,234277,9268
585,1785481840239482700,195110991768000,1785481840138010880,101.47182,18.12232,0.0,585,0,000070ca,7278,234348,9271
586,1785481840289783100,195111042068300,1785481840187222016,102.561084,-6.807216,0.0,586,0,000070ca,7279,234366,9272
587,1785481840339742400,195111092027500,1785481840237389056,102.353344,8.112444,0.0,587,0,000070ca,7281,234433,9275
588,1785481840388812800,195111141098100,1785481840287534080,101.27872,3.50762,0.0,588,0,000070ca,7282,234478,9277
589,1785481840439239400,195111191524800,1785481840337511168,101.728232,19.678632,0.0,589,0,000070ca,7284,234544,9280
590,1785481840489964200,195111242249600,1785481840387211008,102.753192,-5.914708,0.0,590,0,000070ca,7285,234567,9281
591,1785481840539520300,195111291805500,1785481840437166848,102.353452,26.392952,0.0,591,0,000070ca,7287,234645,9284
592,1785481840590658900,195111342944200,1785481840487556096,103.102804,6.613304,0.0,592,0,000070ca,7288,234677,9285
593,1785481840639463800,195111391749100,1785481840537533952,101.929848,7.420248,0.0,593,0,000070ca,7290,234732,9287
594,1785481840690964100,195111443249400,1785481840588599808,102.364292,6.785592,0.0,594,0,000070ca,7291,234781,9289
595,1785481840740326800,195111492612300,1785481840637444096,102.882704,8.466704,0.0,595,0,000070ca,7293,234833,9291
596,1785481840791086000,195111543371100,1785481840688733184,102.352816,8.199116,0.0,596,0,000070ca,7294,234883,9293
597,1785481840839236500,195111591521800,1785481840737678080,101.55842,6.90262,0.0,597,0,000070ca,7296,234932,9295
598,1785481840891215300,195111643500800,1785481840788888832,102.326468,7.904368,0.0,598,0,000070ca,7297,234982,9297
599,1785481840943931900,195111696217500,1785481840836955904,106.975996,-9.219204,0.0,599,0,000070ca,7298,235016,9298
600,1785481840989197400,195111741482700,1785481840888966912,100.230488,15.869688,0.0,600,0,000070ca,7301,235066,9300
601,1785481841039797300,195111792082600,1785481840937133056,102.664244,-12.764656,0.0,601,0,000070ca,7302,235116,9301
602,1785481841090676100,195111842961000,1785481840987088896,103.587204,-9.624996,0.0,602,0,000070ca,7304,235165,9303
603,1785481841139821800,195111892106900,1785481841037699840,102.12196,5.09106,0.0,603,0,000070ca,7306,235228,9305
604,1785481841190092600,195111942378100,1785481841087099904,102.992696,-5.914304,0.0,604,0,000070ca,7307,235269,9307
605,1785481841239853900,195111992139500,1785481841137478144,102.375756,2.846056,0.0,605,0,000070ca,7309,235326,9309
606,1785481841290530500,195112042815700,1785481841187256064,103.274436,-8.453564,0.0,606,0,000070ca,7310,235367,9311
607,1785481841340084500,195112092369600,1785481841237488896,102.595604,8.157704,0.0,607,0,000070ca,7312,235432,9313
608,1785481841389660800,195112141946200,1785481841287432960,102.22784,-21.19036,0.0,608,0,000070ca,7313,235459,9314
609,1785481841439399100,195112191684400,1785481841337688832,101.710268,9.232468,0.0,609,0,000070ca,7315,235532,9317
610,1785481841489652000,195112241937500,1785481841387443968,102.208032,-15.033368,0.0,610,0,000070ca,7316,235559,9318
611,1785481841539842400,195112292127600,1785481841437155840,102.68656,-4.93944,0.0,611,0,000070ca,7317,235616,9320
612,1785481841590002100,195112342287400,1785481841487155968,102.846132,-5.837268,0.0,612,0,000070ca,7319,235669,9322
613,1785481841640784800,195112393070100,1785481841537555968,103.228832,9.742632,0.0,613,0,000070ca,7321,235726,9324
614,1785481841689801900,195112442087200,1785481841587655936,102.145964,-15.301836,0.0,614,0,000070ca,7322,235759,9325
615,1785481841740742400,195112493027600,1785481841638355968,102.386432,22.389632,0.0,615,0,000070ca,7324,235832,9328
616,1785481841789781300,195112542066600,1785481841687310848,102.470452,-4.676548,0.0,616,0,000070ca,7325,235875,9329
617,1785481841839421400,195112591706500,1785481841737299968,102.121432,2.058632,0.0,617,0,000070ca,7327,235924,9331
618,1785481841889429900,195112641715200,1785481841787489024,101.940876,8.240176,0.0,618,0,000070ca,7329,235983,9333
619,1785481841939405200,195112691690400,1785481841837122048,102.283152,-9.607848,0.0,619,0,000070ca,7330,236016,9334
620,1785481841989259000,195112741544300,1785481841887078144,102.180856,-6.616644,0.0,620,0,000070ca,7332,236062,9336
621,1785481842038877100,195112791162200,1785481841936944128,101.932972,-8.973928,0.0,621,0,000070ca,7334,236117,9338
622,1785481842089957700,195112842242800,1785481841986967040,102.99066,-8.64124,0.0,622,0,000070ca,7335,236161,9340
623,1785481842140744000,195112893029200,1785481842036800000,103.944,-8.8368,0.0,623,0,000070ca,7337,236218,9342
624,1785481842190366900,195112942652200,1785481842087500032,102.866868,-24.209532,0.0,624,0,000070ca,7338,236248,9343
625,1785481842239648200,195112991933500,1785481842137389056,102.259144,1.880644,0.0,625,0,000070ca,7340,236326,9346
626,1785481842290212200,195113042498100,1785481842187432960,102.77924,23.82004,0.0,626,0,000070ca,7342,236399,9349
627,1785481842340183000,195113092468300,1785481842237588992,102.594008,2.791908,0.0,627,0,000070ca,7343,236426,9350
628,1785481842389430700,195113141716000,1785481842287966976,101.463724,25.642024,0.0,628,0,000070ca,7345,236503,9353
629,1785481842439636300,195113191921700,1785481842337743872,101.892428,3.221928,0.0,629,0,000070ca,7346,236526,9354
630,1785481842489455500,195113241740800,1785481842387056128,102.399372,-16.135928,0.0,630,0,000070ca,7347,236557,9355
631,1785481842539698900,195113291984200,1785481842437232896,102.466004,-9.575696,0.0,631,0,000070ca,7349,236617,9357
632,1785481842589435900,195113341721100,1785481842487143936,102.291964,23.884164,0.0,632,0,000070ca,7351,236684,9360
633,1785481842640224400,195113392509900,1785481842537300224,102.924176,5.950976,0.0,633,0,000070ca,7352,236725,9361
634,1785481842690089400,195113442374700,1785481842587022080,103.06732,-10.97018,0.0,634,0,000070ca,7353,236758,9362
635,1785481842739708900,195113491994200,1785481842637021952,102.686948,1.469948,0.0,635,0,000070ca,7355,236818,9364
636,1785481842789481300,195113541766700,1785481842687267072,102.214228,17.591828,0.0,636,0,000070ca,7357,236894,9367
637,1785481842839678300,195113591963300,1785481842737345024,102.333276,-7.095324,0.0,637,0,000070ca,7358,236916,9368
638,1785481842890215000,195113642500400,1785481842787100160,103.11484,16.85964,0.0,638,0,000070ca,7360,236993,9371
639,1785481842939765800,195113692051100,1785481842837178112,102.587688,3.192988,0.0,639,0,000070ca,7361,237017,9372
640,1785481842991823800,195113744109500,1785481842887567104,104.256696,6.643796,0.0,640,0,000070ca,7364,237077,9374
641,1785481843039211500,195113791496600,1785481842937422080,101.78942,-23.12208,0.0,641,0,000070ca,7365,237107,9375
642,1785481843089428300,195113841713600,1785481842989434112,99.994188,6.538388,0.0,642,0,000070ca,7367,237178,9378
643,1785481843139755700,195113892041100,1785481843036945152,102.810548,-16.130652,0.0,643,0,000070ca,7368,237209,9379
644,1785481843189818800,195113942104300,1785481843087078144,102.740656,-8.526644,0.0,644,0,000070ca,7369,237265,9381
645,1785481843241022500,195113993308000,1785481843137422080,103.60042,2.70612,0.0,645,0,000070ca,7371,237323,9383
646,1785481843289319500,195114041605000,1785481843187443968,101.875532,7.933232,0.0,646,0,000070ca,7373,237383,9385
647,1785481843339299600,195114091584700,1785481843237134080,102.16552,11.40052,0.0,647,0,000070ca,7375,237435,9387
648,1785481843389853700,195114142138900,1785481843286855936,102.997764,12.598564,0.0,648,0,000070ca,7376,237482,9389
649,1785481843444878800,195114197164000,1785481843337021952,107.856848,9.863848,0.0,649,0,000070ca,7378,237534,9391
650,1785481843491149200,195114243434500,1785481843387456000,103.6932,40.0619,0.0,650,0,000070ca,7379,237611,9393
651,1785481843540232000,195114292517300,1785481843437277952,102.954048,-9.760052,0.0,651,0,000070ca,7379,237611,9393
652,1785481843590140000,195114342425300,1785481843487556096,102.583904,2.062604,0.0,652,0,000070ca,7381,237675,9395
653,1785481843640307200,195114392592500,1785481843538145024,102.162176,8.354076,0.0,653,0,000070ca,7383,237733,9397
654,1785481843690384200,195114442669600,1785481843587456000,102.9282,32.474,0.0,654,0,000070ca,7384,237798,9399
655,1785481843739765000,195114492050100,1785481843637521920,102.24308,-17.59192,0.0,655,0,000070ca,7384,237798,9399
656,1785481843789841000,195114542126300,1785481843687443968,102.397032,-15.809068,0.0,656,0,000070ca,7385,237836,9400
657,1785481843840736000,195114593021300,1785481843737221888,103.514112,-7.361788,0.0,657,0,000070ca,7387,237917,9402
658,1785481843890558100,195114642843600,1785481843787233024,103.325076,-21.980324,0.0,658,0,000070ca,7388,237949,9403
659,1785481843939199500,195114691484700,1785481843838066944,101.132556,6.413256,0.0,659,0,000070ca,7390,238027,9405
660,1785481843989163100,195114741448400,1785481843888256000,100.9071,7.672,0.0,660,0,000070ca,7393,238083,9407
661,1785481844039912000,195114792197300,1785481843937277952,102.634048,8.319848,0.0,661,0,000070ca,7395,238133,9409
662,1785481844089498700,195114841783700,1785481843987143936,102.354764,-4.606536,0.0,662,0,000070ca,7396,238176,9411
663,1785481844139511700,195114891797100,1785481844037543936,101.967764,3.036564,0.0,663,0,000070ca,7398,238228,9413
664,1785481844189445200,195114941730300,1785481844087034112,102.411088,-9.229012,0.0,664,0,000070ca,7399,238267,9415
665,1785481844239646300,195114991931600,1785481844137145088,102.501212,11.167912,0.0,665,0,000070ca,7401,238336,9418
666,1785481844289247200,195115041532500,1785481844187077888,102.169312,-21.407888,0.0,666,0,000070ca,7402,238360,9419
667,1785481844339485900,195115091771100,1785481844237510912,101.974988,3.628588,0.0,667,0,000070ca,7404,238430,9422
668,1785481844389171600,195115141456900,1785481844287544064,101.627536,2.152036,0.0,668,0,000070ca,7405,238469,9424
669,1785481844439717400,195115192002900,1785481844337011200,102.7062,11.1628,0.0,669,0,000070ca,7407,238537,9427
670,1785481844489246100,195115241531100,1785481844386932992,102.313108,-10.512292,0.0,670,0,000070ca,7408,238560,9428
671,1785481844539062700,195115291348000,1785481844437521920,101.54078,3.26758,0.0,671,0,000070ca,7410,238630,9431
672,1785481844589765600,195115342051000,1785481844487177984,102.587616,-5.097284,0.0,672,0,000070ca,7411,238676,9433
673,1785481844639074800,195115391360100,1785481844537010944,102.063856,10.977756,0.0,673,0,000070ca,7413,238733,9436
674,1785481844689679100,195115441964400,1785481844587578112,102.100988,-21.908712,0.0,674,0,000070ca,7414,238760,9437
675,1785481844739134400,195115491419700,1785481844636889088,102.245312,10.278312,0.0,675,0,000070ca,7416,238826,9440
676,1785481844789869900,195115542155400,1785481844687478016,102.391884,18.122584,0.0,676,0,000070ca,7418,238897,9443
677,1785481844840063000,195115592348300,1785481844737032960,103.03004,11.56134,0.0,677,0,000070ca,7419,238942,9445
678,1785481844889778300,195115642064100,1785481844787589120,102.18918,-21.69352,0.0,678,0,000070ca,7420,238960,9446
679,1785481844939109800,195115691395300,1785481844837445120,101.66468,3.40838,0.0,679,0,000070ca,7423,239028,9449
680,1785481844989083300,195115741368600,1785481844887599872,101.483428,22.234928,0.0,680,0,000070ca,7425,239097,9452
681,1785481845040026200,195115792311600,1785481844936899840,103.12636,-7.26624,0.0,681,0,000070ca,7426,239120,9453
682,1785481845089723500,195115842008900,1785481844986967040,102.75646,-14.55724,0.0,682,0,000070ca,7427,239162,9455
683,1785481845139469600,195115891754700,1785481845037678080,101.79152,3.49042,0.0,683,0,000070ca,7429,239230,9458
684,1785481845189179700,195115941465000,1785481845087456000,101.7237,20.1759,0.0,684,0,000070ca,7431,239299,9461
685,1785481845239054400,195115991339700,1785481845137332992,101.721408,-8.044492,0.0,685,0,000070ca,7432,239320,9462
686,1785481845290216000,195116042501200,1785481845187032832,103.183168,-9.577932,0.0,686,0,000070ca,7433,239362,9464
687,1785481845339136500,195116091421400,1785481845236867072,102.269428,-13.479072,0.0,687,0,000070ca,7435,239415,9466
688,1785481845389646100,195116141931300,1785481845287699968,101.946132,6.970932,0.0,688,0,000070ca,7437,239483,9469
689,1785481845439424000,195116191709200,1785481845337156096,102.267904,-6.417596,0.0,689,0,000070ca,7438,239525,9471
690,1785481845489523300,195116241808300,1785481845387321856,102.201444,16.290444,0.0,690,0,000070ca,7440,239594,9474
691,1785481845540314900,195116292600100,1785481845437032960,103.28194,-13.34816,0.0,691,0,000070ca,7441,239616,9475
692,1785481845589983200,195116342268700,1785481845487699968,102.283232,7.995732,0.0,692,0,000070ca,7443,239683,9478
693,1785481845640408400,195116392693700,1785481845537856000,102.5524,6.5304,0.0,693,0,000070ca,7444,239726,9480
694,1785481845691046200,195116443331500,1785481845587677952,103.368248,18.856348,0.0,694,0,000070ca,7446,239798,9483
695,1785481845740137300,195116492422500,1785481845637900032,102.237268,-7.537432,0.0,695,0,000070ca,7447,239817,9484
696,1785481845790097400,195116542382700,1785481845687778048,102.319352,7.793952,0.0,696,0,000070ca,7449,239882,9486
697,1785481845839731100,195116592016300,1785481845737821952,101.909148,5.877648,0.0,697,0,000070ca,7450,239925,9488
698,1785481845891980700,195116644266000,1785481845787777792,104.202908,2.599608,0.0,698,0,000070ca,7452,239977,9490
699,1785481845945177200,195116697462700,1785481845837500160,107.67704,-6.56126,0.0,699,0,000070ca,7454,240018,9492
700,1785481845990831100,195116743116400,1785481845888655872,102.175228,25.415828,0.0,700,0,000070ca,7456,240107,9495
701,1785481846039380800,195116791666000,1785481845937788928,101.591872,6.310272,0.0,701,0,000070ca,7457,240126,9496
702,1785481846089532300,195116841817600,1785481845987745024,101.787276,1.877176,0.0,702,0,000070ca,7459,240177,9498
703,1785481846139635600,195116891920900,1785481846037167104,102.468496,-7.351804,0.0,703,0,000070ca,7460,240217,9500
704,1785481846189860300,195116942145600,1785481846086967040,102.89326,9.33846,0.0,704,0,000070ca,7462,240284,9503
705,1785481846239713200,195116991998200,1785481846137444096,102.269104,-14.986496,0.0,705,0,000070ca,7463,240309,9504
706,1785481846289635700,195117041921000,1785481846187799808,101.835892,-4.977908,0.0,706,0,000070ca,7465,240376,9507
707,1785481846339610000,195117091895100,1785481846237510912,102.099088,3.118688,0.0,707,0,000070ca,7466,240428,9509
708,1785481846390206400,195117142491800,1785481846287355904,102.850496,19.445596,0.0,708,0,000070ca,7468,240493,9512
709,1785481846440218400,195117192504000,1785481846337344768,102.873632,-11.147068,0.0,709,0,000070ca,7469,240517,9513
710,1785481846490380500,195117242666000,1785481846388045056,102.335444,7.876744,0.0,710,0,000070ca,7471,240578,9516
711,1785481846540550700,195117292835800,1785481846437732864,102.817836,-22.073464,0.0,711,0,000070ca,7472,240609,9517
712,1785481846589742300,195117342027600,1785481846487899904,101.842396,6.706296,0.0,712,0,000070ca,7474,240677,9520
713,1785481846639445900,195117391731000,1785481846537722112,101.723788,18.196988,0.0,713,0,000070ca,7476,240747,9523
714,1785481846689439300,195117441724200,1785481846587300096,102.139204,16.356004,0.0,714,0,000070ca,7477,240794,9525
715,1785481846739570400,195117491855600,1785481846637167104,102.403296,10.823896,0.0,715,0,000070ca,7479,240836,9527
716,1785481846789736500,195117542021600,1785481846687355904,102.380596,7.696296,0.0,716,0,000070ca,7480,240883,9529
717,1785481846838862200,195117591147500,1785481846737288960,101.57324,-22.77996,0.0,717,0,000070ca,7481,240908,9530
718,1785481846889673200,195117641958300,1785481846787811072,101.862128,-6.179672,0.0,718,0,000070ca,7483,240975,9533
719,1785481846938982300,195117691267600,1785481846837043968,101.938332,-14.242268,0.0,719,0,000070ca,7484,241014,9535
720,1785481846989304200,195117741589500,1785481846887255808,102.048392,-8.791408,0.0,720,0,000070ca,7487,241067,9537
721,1785481847041569500,195117793854800,1785481846937211136,104.358364,10.794564,0.0,721,0,000070ca,7489,241133,9540
722,1785481847090223500,195117842508800,1785481846987588864,102.634636,2.186936,0.0,722,0,000070ca,7490,241177,9542
723,1785481847139612800,195117891898400,1785481847037933056,101.679744,21.505844,0.0,723,0,000070ca,7492,241250,9545
724,1785481847189807300,195117942092600,1785481847086855936,102.951364,-6.879436,0.0,724,0,000070ca,7493,241269,9546
725,1785481847239196400,195117991481700,1785481847137321984,101.874416,11.717816,0.0,725,0,000070ca,7495,241337,9549
726,1785481847290295400,195118042580600,1785481847187289088,103.006312,-12.243788,0.0,726,0,000070ca,7496,241365,9550
727,1785481847340250700,195118092535900,1785481847237111040,103.13966,9.74586,0.0,727,0,000070ca,7498,241435,9553
728,1785481847389657300,195118141942700,1785481847287666944,101.990356,3.020956,0.0,728,0,000070ca,7499,241477,9555
729,1785481847439665000,195118191950200,1785481847337699840,101.96516,17.53946,0.0,729,0,000070ca,7501,241547,9558
730,1785481847489814400,195118242099900,1785481847387533056,102.281344,-10.739056,0.0,730,0,000070ca,7502,241566,9559
731,1785481847539563000,195118291848300,1785481847437356032,102.206968,10.140368,0.0,731,0,000070ca,7504,241635,9562
732,1785481847588978100,195118341263500,1785481847487166976,101.811124,-21.435676,0.0,732,0,000070ca,7505,241660,9563
733,1785481847639785100,195118392070200,1785481847537255936,102.529164,-4.898936,0.0,733,0,000070ca,7507,241726,9566
734,1785481847690606000,195118442891000,1785481847586832896,103.773104,-6.939496,0.0,734,0,000070ca,7508,241766,9568
735,1785481847739818800,195118492103800,1785481847637356032,102.462768,9.406068,0.0,735,0,000070ca,7510,241835,9571
736,1785481847789624700,195118541910300,1785481847687456000,102.1687,1.4123,0.0,736,0,000070ca,7511,241862,9572
737,1785481847839633600,195118591919100,1785481847737732864,101.900736,7.324836,0.0,737,0,000070ca,7513,241926,9574
738,1785481847889372500,195118641657900,1785481847787089152,102.283348,-21.240952,0.0,738,0,000070ca,7514,241958,9575
739,1785481847939179600,195118691464900,1785481847837089024,102.090576,11.890576,0.0,739,0,000070ca,7517,242036,9578
740,1785481847988749700,195118741034700,1785481847887011072,101.738628,-10.556072,0.0,740,0,000070ca,7518,242064,9579
741,1785481848039643000,195118791928200,1785481847937078016,102.564984,-10.458716,0.0,741,0,000070ca,7519,242116,9581
742,1785481848089474700,195118841759700,1785481847987000064,102.474636,-8.509264,0.0,742,0,000070ca,7521,242166,9583
743,1785481848139903600,195118892188600,1785481848037300224,102.603376,-4.852124,0.0,743,0,000070ca,7523,242225,9585
744,1785481848189494200,195118941779500,1785481848087166976,102.327224,-7.683576,0.0,744,0,000070ca,7524,242268,9587
745,1785481848239336700,195118991622000,1785481848137545216,101.791484,2.803284,0.0,745,0,000070ca,7526,242326,9589
746,1785481848290871100,195119043156200,1785481848187122176,103.748924,-8.434376,0.0,746,0,000070ca,7527,242367,9591
747,1785481848339952600,195119092237900,1785481848237067008,102.885592,10.762092,0.0,747,0,000070ca,7529,242435,9593
